ksi_match_id,season,date,time,home_team_ksi_id,away_team_ksi_id,home_goals,away_goals,ground_id,status
754134,2023,2023-04-10,14:00,5386,5964,1,2,1,FT
757132,2023,2023-04-10,14:00,5731,5698,1,1,2,FT
753783,2023,2023-04-10,19:15,5363,5388,2,1,3,FT
598252,2023,2023-04-10,19:15,5366,5733,2,2,4,FT
739231,2023,2023-04-10,19:15,5730,5364,0,2,5,FT
632194,2023,2023-04-10,20:00,5387,5732,3,4,6,FT
763472,2023,2023-04-15,14:00,5964,5698,0,2,7,FT
757133,2023,2023-04-15,16:00,5731,5388,3,0,2,FT
623743,2023,2023-04-15,16:00,5733,5730,1,0,8,FT
686812,2023,2023-04-16,17:00,5364,5386,2,0,9,FT
727663,2023,2023-04-16,19:15,5732,5366,1,1,10,FT
753784,2023,2023-04-16,19:15,5363,5387,0,2,3,FT
757134,2023,2023-04-23,16:00,5731,5964,0,0,2,FT
691729,2023,2023-04-23,16:00,5388,5387,2,1,11,FT
598253,2023,2023-04-23,19:15,5366,5363,1,3,4,FT
739232,2023,2023-04-24,19:15,5730,5732,5,4,5,FT
686805,2023,2023-04-24,19:15,5364,5698,3,0,9,FT
754131,2023,2023-04-24,19:15,5386,5733,4,2,1,FT
754370,2023,2023-04-28,20:00,5387,5366,5,4,1,FT
727664,2023,2023-04-29,14:00,5732,5386,1,0,10,FT
623740,2023,2023-04-29,14:00,5733,5698,3,0,8,FT
686802,2023,2023-04-29,17:00,5364,5731,1,0,9,FT
763482,2023,2023-04-29,17:00,5964,5388,1,3,7,FT
753786,2023,2023-04-29,19:15,5363,5730,3,2,3,FT
757135,2023,2023-05-03,18:00,5731,5733,4,2,2,FT
598254,2023,2023-05-03,18:00,5366,5388,3,1,4,FT
750935,2023,2023-05-03,19:15,5698,5732,0,1,12,FT
754369,2023,2023-05-03,20:15,5386,5363,1,6,1,FT
686792,2023,2023-05-04,19:15,5364,5964,4,1,9,FT
739243,2023,2023-05-04,19:15,5730,5387,0,2,5,FT
727665,2023,2023-05-07,17:00,5732,5731,1,2,10,FT
753803,2023,2023-05-07,19:15,5363,5698,5,0,3,FT
691730,2023,2023-05-08,18:00,5388,5364,0,1,11,FT
598255,2023,2023-05-08,19:15,5366,5730,2,1,4,FT
623734,2023,2023-05-08,19:15,5733,5964,2,1,8,FT
754363,2023,2023-05-08,20:15,5386,5387,1,2,1,FT
739253,2023,2023-05-13,14:00,5730,5388,4,0,5,FT
757136,2023,2023-05-13,16:00,5731,5363,0,4,2,FT
757386,2023,2023-05-13,16:00,5698,5387,0,1,13,FT
763466,2023,2023-05-14,17:00,5964,5732,0,2,7,FT
754333,2023,2023-05-14,19:15,5386,5366,3,1,1,FT
686784,2023,2023-05-14,19:15,5364,5733,2,0,9,FT
632390,2023,2023-05-21,17:00,5387,5731,2,0,6,FT
727666,2023,2023-05-21,19:15,5732,5364,1,2,10,FT
753813,2023,2023-05-21,19:15,5363,5964,0,0,3,FT
691734,2023,2023-05-22,18:00,5388,5733,2,3,11,FT
739255,2023,2023-05-22,19:15,5730,5386,2,2,5,FT
598257,2023,2023-05-22,19:15,5366,5698,1,2,4,FT
757139,2023,2023-05-25,18:00,5731,5364,0,4,2,FT
632454,2023,2023-05-25,19:15,5387,5363,1,0,6,FT
754331,2023,2023-05-28,17:00,5386,5388,2,1,1,FT
757389,2023,2023-05-28,19:15,5698,5730,1,0,13,FT
623732,2023,2023-05-28,19:15,5733,5732,4,3,8,FT
757137,2023,2023-05-29,16:00,5731,5366,4,2,2,FT
762001,2023,2023-05-29,19:15,5964,5387,0,0,14,FT
686774,2023,2023-05-29,19:15,5364,5363,2,3,9,FT
691736,2023,2023-06-01,18:00,5388,5732,3,0,11,FT
754321,2023,2023-06-01,19:15,5386,5698,3,3,1,FT
739262,2023,2023-06-02,18:00,5730,5731,4,0,5,FT
598258,2023,2023-06-02,19:15,5366,5964,4,1,4,FT
632425,2023,2023-06-02,19:15,5387,5364,2,2,6,FT
753614,2023,2023-06-02,19:15,5363,5733,1,1,3,FT
757138,2023,2023-06-10,14:00,5731,5386,2,1,2,FT
757529,2023,2023-06-10,14:00,5698,5388,1,1,13,FT
623728,2023,2023-06-10,15:00,5733,5387,2,2,8,FT
727671,2023,2023-06-11,17:00,5732,5363,0,5,10,FT
686771,2023,2023-06-11,19:15,5364,5366,3,1,9,FT
762002,2023,2023-06-11,19:15,5964,5730,1,1,14,FT
762003,2023,2023-06-23,19:15,5964,5386,1,1,14,FT
623727,2023,2023-06-23,19:15,5733,5366,4,0,8,FT
727672,2023,2023-06-23,19:15,5732,5387,5,2,10,FT
691738,2023,2023-06-24,14:00,5388,5363,0,3,11,FT
757393,2023,2023-06-24,17:00,5698,5731,2,0,13,FT
686766,2023,2023-06-24,19:15,5364,5730,2,0,9,FT
691739,2023,2023-06-28,17:00,5388,5731,2,0,11,FT
598259,2023,2023-06-28,19:15,5366,5732,3,2,4,FT
757394,2023,2023-06-28,19:15,5698,5964,2,0,13,FT
754318,2023,2023-06-29,19:15,5386,5364,1,3,1,FT
739298,2023,2023-06-29,19:15,5730,5733,5,0,5,FT
631024,2023,2023-07-07,19:15,5387,5386,5,1,6,FT
691741,2023,2023-07-08,16:00,5388,5366,1,0,11,FT
762005,2023,2023-07-08,17:00,5964,5364,3,3,14,FT
753733,2023,2023-07-12,19:15,5363,5386,2,1,3,FT
727709,2023,2023-07-13,19:15,5732,5698,1,1,10,FT
598260,2023,2023-07-14,20:15,5366,5387,0,1,4,FT
691740,2023,2023-07-16,16:00,5388,5964,1,1,11,FT
739199,2023,2023-07-17,19:15,5730,5363,2,0,5,FT
754192,2023,2023-07-18,20:00,5386,5732,0,0,1,FT
757397,2023,2023-07-18,20:00,5698,5733,1,0,13,FT
632506,2023,2023-07-21,18:00,5387,5388,3,1,6,FT
727695,2023,2023-07-23,19:15,5732,5730,1,1,10,FT
753753,2023,2023-07-23,19:15,5363,5366,1,0,3,FT
757396,2023,2023-07-23,19:15,5698,5364,1,2,13,FT
762004,2023,2023-07-24,18:00,5964,5731,3,4,14,FT
623726,2023,2023-07-24,19:15,5733,5386,2,4,8,FT
739190,2023,2023-07-26,19:15,5730,5366,4,0,5,FT
630930,2023,2023-07-29,18:15,5387,5730,1,1,6,FT
757140,2023,2023-07-30,16:00,5731,5732,1,1,2,FT
686739,2023,2023-07-30,17:00,5364,5388,6,0,9,FT
757398,2023,2023-07-31,19:15,5698,5363,0,4,13,FT
762006,2023,2023-07-31,19:15,5964,5733,2,3,14,FT
691742,2023,2023-08-05,14:00,5388,5730,0,2,11,FT
631104,2023,2023-08-06,14:00,5387,5698,3,4,6,FT
753728,2023,2023-08-07,16:00,5363,5731,4,2,3,FT
623724,2023,2023-08-08,19:15,5733,5364,1,3,8,FT
598261,2023,2023-08-08,19:15,5366,5386,1,1,4,FT
727710,2023,2023-08-09,19:15,5732,5964,3,1,10,FT
757141,2023,2023-08-13,16:00,5731,5387,1,1,2,FT
762007,2023,2023-08-13,17:00,5964,5363,1,1,14,FT
623723,2023,2023-08-13,17:00,5733,5388,2,1,8,FT
757399,2023,2023-08-13,18:15,5698,5366,3,2,13,FT
686732,2023,2023-08-13,19:15,5364,5732,6,1,9,FT
754223,2023,2023-08-14,19:15,5386,5730,0,4,1,FT
691744,2023,2023-08-20,16:15,5388,5386,0,1,11,FT
598262,2023,2023-08-20,17:00,5366,5731,2,1,4,FT
631221,2023,2023-08-20,18:00,5387,5964,2,1,6,FT
727712,2023,2023-08-20,19:15,5732,5733,2,2,10,FT
753718,2023,2023-08-20,19:15,5363,5364,0,4,3,FT
739181,2023,2023-08-21,19:15,5730,5698,3,1,5,FT
757142,2023,2023-08-26,16:00,5731,5730,2,1,2,FT
623720,2023,2023-08-26,17:00,5733,5363,3,2,8,FT
757400,2023,2023-08-27,17:00,5698,5386,2,0,13,FT
762008,2023,2023-08-27,17:00,5964,5366,0,0,14,FT
686721,2023,2023-08-27,19:15,5364,5387,5,3,9,FT
727713,2023,2023-08-28,18:00,5732,5388,2,2,10,FT
623725,2023,2023-08-30,17:30,5733,5731,0,3,8,FT
598263,2023,2023-09-03,14:00,5366,5364,2,3,4,FT
631346,2023,2023-09-03,14:00,5387,5733,0,2,6,FT
739170,2023,2023-09-03,14:00,5730,5964,3,0,5,FT
691745,2023,2023-09-03,14:00,5388,5698,2,2,11,FT
753712,2023,2023-09-03,14:00,5363,5732,4,1,3,FT
754286,2023,2023-09-03,14:00,5386,5731,1,1,1,FT
684548,2024,2024-04-06,19:15,5364,5730,2,0,9,FT
757113,2024,2024-04-07,13:00,5731,5732,1,1,2,FT
768367,2024,2024-04-07,13:00,5366,5734,2,0,4,FT
754259,2024,2024-04-07,19:15,5386,5698,3,4,1,FT
768092,2024,2024-04-07,19:15,5363,5735,2,0,23,FT
631587,2024,2024-04-08,19:15,5387,5733,2,0,6,FT
739740,2024,2024-04-12,19:15,5730,5698,1,3,5,FT
631537,2024,2024-04-13,14:00,5387,5734,4,0,6,FT
757114,2024,2024-04-13,15:00,5731,5733,2,3,2,FT
727441,2024,2024-04-14,17:00,5732,5735,0,4,10,FT
754264,2024,2024-04-14,19:15,5386,5363,0,0,1,FT
768366,2024,2024-04-15,19:15,5366,5364,0,1,4,FT
739730,2024,2024-04-19,19:15,5730,5363,1,0,5,FT
727447,2024,2024-04-20,14:00,5732,5733,0,2,10,FT
766149,2024,2024-04-20,16:15,5698,5366,0,1,17,FT
757115,2024,2024-04-21,14:00,5731,5734,0,1,2,FT
689384,2024,2024-04-21,17:00,5735,5386,5,1,18,FT
684537,2024,2024-04-21,19:15,5364,5387,4,1,9,FT
689383,2024,2024-04-28,14:00,5735,5733,1,2,18,FT
766143,2024,2024-04-28,14:00,5734,5732,1,0,17,FT
684534,2024,2024-04-28,16:15,5364,5731,4,2,9,FT
757379,2024,2024-04-28,18:30,5698,5387,2,3,13,FT
768093,2024,2024-04-29,18:00,5363,5366,1,1,23,FT
754340,2024,2024-04-29,19:15,5386,5730,0,1,1,FT
623883,2024,2024-05-04,14:00,5733,5734,3,2,8,FT
757116,2024,2024-05-05,16:00,5731,5698,1,1,2,FT
739701,2024,2024-05-05,17:00,5730,5735,4,1,5,FT
727450,2024,2024-05-05,19:15,5732,5364,3,1,10,FT
768365,2024,2024-05-05,19:15,5366,5386,2,1,4,FT
631517,2024,2024-05-06,19:15,5387,5363,2,3,6,FT
739691,2024,2024-05-10,19:15,5730,5366,1,1,5,FT
768841,2024,2024-05-11,14:00,5735,5734,3,0,19,FT
768098,2024,2024-05-11,17:00,5363,5731,3,1,23,FT
757369,2024,2024-05-12,17:00,5698,5732,1,2,13,FT
754345,2024,2024-05-12,19:15,5386,5387,0,3,1,FT
684528,2024,2024-05-12,19:15,5364,5733,2,0,9,FT
766129,2024,2024-05-20,14:00,5734,5364,1,4,17,FT
757117,2024,2024-05-20,16:15,5731,5386,4,2,2,FT
623881,2024,2024-05-20,17:00,5733,5698,1,2,8,FT
631486,2024,2024-05-21,19:15,5387,5730,2,1,6,FT
727451,2024,2024-05-21,19:15,5732,5363,1,2,10,FT
768364,2024,2024-05-21,19:15,5366,5735,1,1,4,FT
757524,2024,2024-05-25,16:00,5698,5734,2,2,13,FT
768651,2024,2024-05-25,17:00,5735,5364,0,1,19,FT
768099,2024,2024-05-25,19:15,5363,5733,2,2,23,FT
768363,2024,2024-05-26,17:00,5366,5387,1,4,4,FT
739675,2024,2024-05-26,17:00,5730,5731,5,0,5,FT
754357,2024,2024-05-27,19:15,5386,5732,3,1,1,FT
768108,2024,2024-05-30,18:00,5363,5730,5,1,23,FT
631310,2024,2024-05-30,20:15,5387,5364,1,1,6,FT
623878,2024,2024-05-31,19:15,5733,5366,3,3,8,FT
757119,2024,2024-06-01,16:00,5731,5735,2,3,2,FT
766096,2024,2024-06-02,14:00,5734,5730,4,2,17,FT
684507,2024,2024-06-02,17:00,5364,5386,5,2,9,FT
727454,2024,2024-06-02,19:15,5732,5387,0,2,10,FT
757523,2024,2024-06-03,19:15,5698,5363,3,5,13,FT
754379,2024,2024-06-18,18:00,5386,5734,3,2,1,FT
739671,2024,2024-06-18,19:15,5730,5733,4,2,5,FT
768362,2024,2024-06-18,19:15,5366,5732,1,2,4,FT
768658,2024,2024-06-18,19:15,5735,5698,2,1,19,FT
768102,2024,2024-06-18,20:15,5363,5364,2,2,23,FT
631390,2024,2024-06-19,19:15,5387,5731,2,1,6,FT
768973,2024,2024-06-22,14:00,5734,5363,1,5,31,FT
727453,2024,2024-06-22,17:00,5732,5730,4,3,10,FT
684517,2024,2024-06-22,19:15,5364,5698,1,1,9,FT
757118,2024,2024-06-23,17:00,5731,5366,3,2,2,FT
631403,2024,2024-06-23,19:15,5387,5735,1,1,6,FT
623879,2024,2024-06-23,19:15,5733,5386,3,1,8,FT
768983,2024,2024-06-27,18:00,5734,5366,1,3,31,FT
757522,2024,2024-06-27,19:15,5698,5386,2,2,13,FT
739662,2024,2024-06-27,19:15,5730,5364,0,4,5,FT
727455,2024,2024-06-28,18:00,5732,5731,1,2,10,FT
623877,2024,2024-06-28,19:15,5733,5387,1,0,8,FT
768649,2024,2024-06-28,19:15,5735,5363,3,2,19,FT
684498,2024,2024-06-30,19:15,5364,5366,2,1,9,FT
768643,2024,2024-07-06,14:00,5735,5732,8,0,19,FT
768952,2024,2024-07-06,14:00,5734,5387,2,2,31,FT
757521,2024,2024-07-06,14:00,5698,5730,1,1,13,FT
768106,2024,2024-07-06,17:00,5363,5386,4,0,23,FT
623874,2024,2024-07-08,19:15,5733,5731,1,1,8,FT
768361,2024,2024-07-11,19:15,5366,5698,1,0,4,FT
768938,2024,2024-07-14,14:00,5734,5731,0,2,31,FT
623873,2024,2024-07-15,19:15,5733,5732,3,1,8,FT
754188,2024,2024-07-15,19:15,5386,5735,3,0,1,FT
727458,2024,2024-07-20,14:00,5732,5734,1,1,10,FT
757120,2024,2024-07-20,16:15,5731,5364,1,0,2,FT
739626,2024,2024-07-21,19:15,5730,5386,2,0,5,FT
631296,2024,2024-07-21,19:15,5387,5698,4,2,6,FT
623870,2024,2024-07-22,19:15,5733,5735,1,1,8,FT
768932,2024,2024-07-28,16:00,5734,5733,0,2,31,FT
768837,2024,2024-07-28,17:00,5735,5730,1,3,19,FT
768359,2024,2024-07-28,19:15,5366,5363,4,1,4,FT
684483,2024,2024-07-28,19:15,5364,5732,5,1,9,FT
757520,2024,2024-07-29,18:00,5698,5731,2,2,13,FT
754198,2024,2024-07-31,19:15,5386,5366,0,0,1,FT
623869,2024,2024-08-05,19:15,5733,5364,2,3,8,FT
631183,2024,2024-08-06,19:15,5387,5386,3,0,6,FT
757121,2024,2024-08-06,19:15,5731,5363,1,0,2,FT
768352,2024,2024-08-06,19:15,5366,5730,2,1,4,FT
768916,2024,2024-08-07,18:00,5734,5735,0,0,31,FT
684475,2024,2024-08-11,14:00,5364,5734,1,1,9,FT
754226,2024,2024-08-11,17:00,5386,5731,1,1,1,FT
739615,2024,2024-08-11,19:15,5730,5387,2,2,5,FT
768113,2024,2024-08-11,19:15,5363,5732,5,1,23,FT
757519,2024,2024-08-12,18:15,5698,5733,1,0,13,FT
768818,2024,2024-08-12,18:15,5735,5366,1,0,19,FT
768109,2024,2024-08-15,19:15,5363,5387,0,2,23,FT
768897,2024,2024-08-17,14:00,5734,5698,2,0,31,FT
757122,2024,2024-08-18,17:00,5731,5730,1,1,2,FT
727460,2024,2024-08-18,19:15,5732,5386,0,2,10,FT
623868,2024,2024-08-19,18:00,5733,5363,2,2,8,FT
631152,2024,2024-08-19,19:15,5387,5366,3,1,6,FT
684470,2024,2024-08-19,19:15,5364,5735,1,2,9,FT
727459,2024,2024-08-22,20:00,5732,5698,3,2,10,FT
768114,2024,2024-08-25,16:15,5363,5734,3,1,23,FT
768349,2024,2024-08-25,17:00,5366,5731,1,2,4,FT
768810,2024,2024-08-25,17:00,5735,5387,1,2,19,FT
754245,2024,2024-08-25,19:15,5386,5733,2,3,1,FT
739595,2024,2024-08-26,19:15,5730,5732,2,0,5,FT
768876,2024,2024-09-01,14:00,5734,5386,0,0,31,FT
757123,2024,2024-09-01,16:15,5731,5387,2,3,2,FT
757509,2024,2024-09-01,17:00,5698,5735,4,2,13,FT
623867,2024,2024-09-01,17:00,5733,5730,0,3,8,FT
684464,2024,2024-09-01,19:15,5364,5363,3,2,9,FT
727461,2024,2024-09-01,19:15,5732,5366,1,0,10,FT
757512,2024,2024-09-13,17:00,5698,5364,0,3,13,FT
768347,2024,2024-09-15,14:00,5366,5733,3,3,4,FT
768789,2024,2024-09-15,14:00,5735,5731,1,0,19,FT
739582,2024,2024-09-15,14:00,5730,5734,1,0,5,FT
631137,2024,2024-09-15,17:00,5387,5732,5,3,6,FT
768116,2024,2024-09-16,19:15,5363,5698,4,1,23,FT
754283,2024,2024-09-16,19:15,5386,5364,0,6,1,FT
631862,2025,2025-04-05,19:15,5387,5972,2,0,6,FT
768159,2025,2025-04-06,14:00,5363,5734,1,1,23,FT
757086,2025,2025-04-06,16:15,5731,5698,2,2,2,FT
768328,2025,2025-04-06,19:15,5366,5735,0,1,4,FT
685851,2025,2025-04-07,18:00,5364,5388,2,0,9,FT
738885,2025,2025-04-07,19:15,5730,5733,2,1,5,FT
768909,2025,2025-04-13,14:00,5734,5733,1,0,31,FT
765889,2025,2025-04-13,17:00,5972,5388,0,0,21,FT
768339,2025,2025-04-13,19:15,5366,5387,4,2,4,FT
685844,2025,2025-04-13,19:15,5364,5731,4,0,9,FT
738900,2025,2025-04-14,19:15,5730,5735,2,1,5,FT
766049,2025,2025-04-14,19:15,5698,5363,3,3,17,FT
768125,2025,2025-04-23,18:00,5363,5731,3,1,23,FT
689545,2025,2025-04-23,18:00,5735,5734,0,2,18,FT
624346,2025,2025-04-23,18:00,5733,5698,2,2,8,FT
631870,2025,2025-04-23,19:15,5387,5730,2,1,6,FT
669932,2025,2025-04-24,16:00,5388,5366,3,1,22,FT
765895,2025,2025-04-24,19:15,5972,5364,1,0,21,FT
768919,2025,2025-04-27,14:00,5734,5387,0,1,31,FT
757087,2025,2025-04-27,16:15,5731,5733,3,2,2,FT
766074,2025,2025-04-27,19:15,5698,5735,5,0,17,FT
738902,2025,2025-04-28,17:45,5730,5388,2,3,5,FT
613215,2025,2025-04-28,19:15,5363,5364,1,1,23,FT
768243,2025,2025-04-28,19:15,5366,5972,3,0,4,FT
669951,2025,2025-05-04,14:00,5388,5734,0,2,22,FT
768650,2025,2025-05-04,17:00,5735,5731,3,0,19,FT
624345,2025,2025-05-04,19:15,5733,5363,3,0,8,FT
631882,2025,2025-05-05,19:15,5387,5698,3,3,6,FT
685833,2025,2025-05-05,19:15,5364,5366,3,2,9,FT
765890,2025,2025-05-05,19:15,5972,5730,3,0,21,FT
768888,2025,2025-05-10,14:00,5734,5972,2,0,31,FT
766048,2025,2025-05-10,19:00,5698,5388,4,1,17,FT
768140,2025,2025-05-10,19:15,5363,5735,6,1,23,FT
738973,2025,2025-05-10,19:15,5730,5366,2,0,5,FT
757088,2025,2025-05-11,17:30,5731,5387,0,1,2,FT
685829,2025,2025-05-11,19:15,5364,5733,3,1,9,FT
669953,2025,2025-05-18,14:00,5388,5731,0,0,22,FT
768242,2025,2025-05-18,14:00,5366,5734,1,0,4,FT
765846,2025,2025-05-18,19:15,5972,5698,4,3,21,FT
768693,2025,2025-05-19,19:15,5735,5733,1,3,19,FT
631893,2025,2025-05-19,19:15,5387,5363,2,1,6,FT
738997,2025,2025-05-19,19:15,5730,5364,2,2,5,FT
766146,2025,2025-05-23,19:30,5698,5366,2,3,17,FT
768176,2025,2025-05-24,17:00,5363,5388,3,0,23,FT
757089,2025,2025-05-24,17:00,5731,5972,1,0,2,FT
685823,2025,2025-05-24,19:15,5364,5735,2,1,9,FT
768937,2025,2025-05-24,19:15,5734,5730,3,1,31,FT
624344,2025,2025-05-25,19:15,5733,5387,2,0,8,FT
768931,2025,2025-05-29,14:00,5734,5364,0,1,31,FT
768619,2025,2025-05-29,16:15,5366,5731,1,2,4,FT
669939,2025,2025-05-29,16:15,5388,5733,2,1,22,FT
631917,2025,2025-05-29,16:15,5387,5735,1,4,6,FT
765734,2025,2025-05-29,16:15,5972,5363,0,2,21,FT
739235,2025,2025-05-29,19:15,5730,5698,4,2,5,FT
766041,2025,2025-06-01,14:00,5698,5734,2,1,17,FT
757090,2025,2025-06-01,17:00,5731,5730,1,1,2,FT
624342,2025,2025-06-01,18:00,5733,5972,0,0,8,FT
768820,2025,2025-06-01,18:00,5735,5388,0,3,19,FT
631921,2025,2025-06-01,19:15,5387,5364,3,1,6,FT
768104,2025,2025-06-02,19:15,5363,5366,2,1,23,FT
741401,2025,2025-06-14,19:15,5730,5363,3,2,5,FT
768917,2025,2025-06-15,14:00,5734,5731,1,0,31,FT
669940,2025,2025-06-15,16:00,5388,5387,0,2,22,FT
765757,2025,2025-06-15,19:15,5972,5735,4,1,21,FT
768618,2025,2025-06-15,19:15,5366,5733,2,0,4,FT
685815,2025,2025-06-16,19:15,5364,5698,3,2,9,FT
624341,2025,2025-06-22,14:00,5733,5734,2,0,8,FT
757091,2025,2025-06-22,19:15,5731,5364,0,2,2,FT
768831,2025,2025-06-22,19:30,5735,5730,0,3,19,FT
669943,2025,2025-06-23,18:00,5388,5972,1,2,22,FT
631940,2025,2025-06-23,19:15,5387,5366,1,1,6,FT
768097,2025,2025-06-23,19:15,5363,5698,6,1,23,FT
757092,2025,2025-06-27,18:30,5731,5363,2,5,2,FT
738861,2025,2025-06-27,19:15,5730,5387,1,4,5,FT
768615,2025,2025-06-29,17:00,5366,5388,2,0,4,FT
768862,2025,2025-06-29,17:00,5734,5735,0,2,31,FT
766067,2025,2025-06-29,19:15,5698,5733,3,2,17,FT
685803,2025,2025-06-29,19:15,5364,5972,2,1,9,FT
765821,2025,2025-07-03,19:15,5972,5387,2,2,21,FT
768659,2025,2025-07-05,14:00,5735,5366,0,1,19,FT
768971,2025,2025-07-05,14:00,5734,5363,0,2,31,FT
692491,2025,2025-07-05,16:00,5388,5364,0,0,11,FT
766117,2025,2025-07-06,16:00,5698,5731,1,2,17,FT
624340,2025,2025-07-07,19:15,5733,5730,1,1,8,FT
624339,2025,2025-07-13,16:00,5733,5731,5,0,8,FT
692492,2025,2025-07-14,18:30,5388,5730,1,0,11,FT
768682,2025,2025-07-14,19:15,5735,5698,1,0,19,FT
765862,2025,2025-07-17,19:15,5972,5366,1,1,21,FT
632075,2025,2025-07-19,14:00,5387,5734,1,0,6,FT
757093,2025,2025-07-19,16:00,5731,5735,2,0,2,FT
685800,2025,2025-07-20,19:15,5364,5363,1,2,9,FT
757411,2025,2025-07-26,17:00,5698,5387,1,1,13,FT
768891,2025,2025-07-27,14:00,5734,5388,2,0,31,FT
768609,2025,2025-07-27,19:15,5366,5364,2,2,4,FT
768155,2025,2025-07-27,19:15,5363,5733,3,1,23,FT
739313,2025,2025-07-28,19:15,5730,5972,4,1,5,FT
692493,2025,2025-08-02,14:00,5388,5698,2,1,11,FT
632160,2025,2025-08-03,16:30,5387,5731,1,1,6,FT
624338,2025,2025-08-03,17:00,5733,5364,2,2,8,FT
768694,2025,2025-08-05,19:15,5735,5363,2,2,19,FT
765918,2025,2025-08-06,18:00,5972,5734,1,1,21,FT
768599,2025,2025-08-06,19:15,5366,5730,1,1,4,FT
768964,2025,2025-08-10,14:00,5734,5366,3,2,31,FT
757094,2025,2025-08-10,16:30,5731,5388,1,0,2,FT
685789,2025,2025-08-10,19:15,5364,5730,2,4,9,FT
768141,2025,2025-08-10,19:15,5363,5387,2,1,23,FT
624337,2025,2025-08-11,19:15,5733,5735,3,2,8,FT
757495,2025,2025-08-11,19:15,5698,5972,2,1,13,FT
692494,2025,2025-08-17,14:00,5388,5363,4,1,11,FT
739524,2025,2025-08-17,14:00,5730,5734,2,1,5,FT
765932,2025,2025-08-17,17:00,5972,5731,3,3,21,FT
768710,2025,2025-08-17,18:00,5735,5364,0,1,19,FT
632195,2025,2025-08-17,19:15,5387,5733,4,5,6,FT
768594,2025,2025-08-18,19:15,5366,5698,0,1,4,FT
757095,2025,2025-08-24,17:00,5731,5366,2,0,2,FT
624336,2025,2025-08-24,18:00,5733,5388,1,1,8,FT
757422,2025,2025-08-25,18:00,5698,5730,1,2,13,FT
685781,2025,2025-08-26,18:00,5364,5734,4,1,9,FT
768122,2025,2025-08-26,19:15,5363,5972,4,3,23,FT
768950,2025,2025-08-31,14:00,5734,5698,1,1,31,FT
765731,2025,2025-08-31,14:00,5972,5733,1,2,21,FT
692496,2025,2025-08-31,14:00,5388,5735,2,0,11,FT
741241,2025,2025-08-31,17:00,5730,5731,3,2,5,FT
685779,2025,2025-08-31,19:15,5364,5387,2,2,9,FT
768592,2025,2025-08-31,19:15,5366,5363,2,1,4,FT
768730,2025,2025-09-11,17:00,5735,5387,3,0,19,FT
624349,2025,2025-09-14,14:00,5733,5366,2,2,8,FT
757085,2025,2025-09-14,14:00,5731,5734,4,1,2,FT
757490,2025,2025-09-14,16:30,5698,5364,0,7,13,FT
768164,2025,2025-09-14,19:15,5363,5730,0,0,23,FT
768683,2025,2025-09-15,16:45,5735,5972,3,1,19,FT
631847,2025,2025-09-15,18:00,5387,5388,1,1,6,FT
632055,2023,2023-09-17,18:00,5387,5733,0,2,6,FT
753752,2023,2023-09-17,19:15,5363,5730,2,0,3,FT
686826,2023,2023-09-20,19:15,5364,5698,2,2,9,FT
623745,2023,2023-09-24,14:00,5733,5730,1,3,8,FT
757382,2023,2023-09-24,14:00,5698,5363,2,2,13,FT
631973,2023,2023-09-25,19:15,5387,5364,3,1,6,FT
739224,2023,2023-09-28,19:15,5730,5698,2,0,5,FT
753761,2023,2023-09-28,19:15,5363,5387,4,2,3,FT
686822,2023,2023-09-28,19:15,5364,5733,2,1,9,FT
757385,2023,2023-10-01,14:00,5698,5387,4,3,13,FT
753772,2023,2023-10-01,19:15,5363,5733,4,1,3,FT
739226,2023,2023-10-02,19:15,5730,5364,3,1,5,FT
623744,2023,2023-10-07,14:00,5733,5698,3,1,8,FT
686820,2023,2023-10-07,14:00,5364,5363,5,1,9,FT
632094,2023,2023-10-08,14:00,5387,5730,0,2,6,FT
631686,2024,2024-09-23,19:15,5387,5735,2,0,6,FT
768112,2024,2024-09-23,19:15,5363,5730,2,2,23,FT
685196,2024,2024-09-25,19:15,5364,5733,3,0,9,FT
622953,2024,2024-09-29,14:00,5733,5387,0,1,8,FT
768115,2024,2024-09-29,19:15,5363,5364,2,3,23,FT
741701,2024,2024-09-30,19:15,5730,5735,3,0,5,FT
768764,2024,2024-10-06,14:00,5735,5733,4,1,19,FT
685198,2024,2024-10-06,17:00,5364,5730,2,2,9,FT
631693,2024,2024-10-06,19:15,5387,5363,2,2,6,FT
622951,2024,2024-10-19,14:00,5733,5363,1,1,8,FT
768762,2024,2024-10-19,14:00,5735,5364,3,4,19,FT
631697,2024,2024-10-19,17:00,5387,5730,2,1,6,FT
741699,2024,2024-10-26,16:15,5730,5733,3,2,5,FT
768117,2024,2024-10-26,16:15,5363,5735,6,1,23,FT
685211,2024,2024-10-27,18:30,5364,5387,0,3,9,FT
686027,2025,2025-09-21,19:15,5364,5366,2,1,9,FT
741038,2025,2025-09-21,19:15,5730,5733,0,0,5,FT
768147,2025,2025-09-22,19:15,5363,5387,1,1,23,FT
624371,2025,2025-09-27,14:00,5733,5387,1,1,8,FT
768216,2025,2025-09-28,19:15,5366,5363,2,0,4,FT
738689,2025,2025-09-29,19:15,5730,5364,2,3,5,FT
768150,2025,2025-10-04,20:00,5363,5730,3,2,23,FT
686024,2025,2025-10-05,19:15,5364,5733,2,0,9,FT
631467,2025,2025-10-05,19:15,5387,5366,3,1,6,FT
631468,2025,2025-10-18,19:15,5387,5364,1,2,6,FT
768153,2025,2025-10-19,19:15,5363,5733,4,4,23,FT
768214,2025,2025-10-20,19:15,5366,5730,1,1,4,FT
686020,2025,2025-10-26,14:00,5364,5363,2,0,9,FT
624370,2025,2025-10-26,14:00,5733,5366,3,4,8,FT
738768,2025,2025-10-26,14:00,5730,5387,2,3,5,FT
754359,2023,2023-09-17,17:00,5386,5388,2,2,1,FT
727920,2023,2023-09-18,19:15,5732,5366,1,1,10,FT
757144,2023,2023-09-20,16:15,5731,5964,4,2,2,FT
691770,2023,2023-09-23,14:00,5388,5366,2,2,11,FT
761982,2023,2023-09-24,14:00,5964,5732,2,1,14,FT
754324,2023,2023-09-24,17:00,5386,5731,2,4,1,FT
757145,2023,2023-09-28,16:15,5731,5388,2,1,2,FT
598271,2023,2023-09-28,19:15,5366,5964,3,1,4,FT
727922,2023,2023-09-28,19:15,5732,5386,2,2,10,FT
762018,2023,2023-10-01,14:00,5964,5386,1,3,14,FT
727923,2023,2023-10-01,17:00,5732,5388,0,1,10,FT
598272,2023,2023-10-01,17:00,5366,5731,1,0,4,FT
691771,2023,2023-10-07,14:00,5388,5964,1,1,11,FT
754287,2023,2023-10-07,14:00,5386,5366,5,1,1,FT
757146,2023,2023-10-07,14:00,5731,5732,1,0,2,FT
757418,2024,2024-09-22,14:00,5698,5734,2,2,13,FT
768245,2024,2024-09-22,19:15,5366,5386,2,0,4,FT
757175,2024,2024-09-25,16:15,5731,5732,3,3,2,FT
757528,2024,2024-09-29,14:00,5698,5366,7,1,13,FT
768976,2024,2024-09-29,14:00,5734,5732,2,1,31,FT
754187,2024,2024-09-29,17:00,5386,5731,1,3,1,FT
768246,2024,2024-10-05,14:00,5366,5734,2,4,4,FT
757176,2024,2024-10-06,14:00,5731,5698,0,4,2,FT
728768,2024,2024-10-06,17:00,5732,5386,2,2,10,FT
757177,2024,2024-10-19,14:00,5731,5734,2,1,2,FT
728769,2024,2024-10-20,19:15,5732,5366,2,1,10,FT
754179,2024,2024-10-20,19:15,5386,5698,0,1,1,FT
768247,2024,2024-10-26,14:00,5366,5731,1,4,4,FT
768852,2024,2024-10-26,14:00,5734,5386,1,3,31,FT
766131,2024,2024-10-26,14:00,5698,5732,7,0,17,FT
768945,2025,2025-09-20,16:05,5734,5735,0,4,31,FT
692488,2025,2025-09-21,16:00,5388,5972,1,1,11,FT
757080,2025,2025-09-21,16:15,5731,5698,4,2,2,FT
768815,2025,2025-09-27,14:00,5735,5698,3,2,19,FT
768849,2025,2025-09-28,13:00,5734,5388,0,5,31,FT
765631,2025,2025-09-28,16:00,5972,5731,3,2,21,FT
757435,2025,2025-10-04,14:00,5698,5972,2,2,13,FT
692489,2025,2025-10-04,14:00,5388,5735,0,2,11,FT
757081,2025,2025-10-05,14:00,5731,5734,1,1,2,FT
757082,2025,2025-10-19,14:00,5731,5735,5,1,2,FT
757443,2025,2025-10-19,14:00,5698,5388,2,1,13,FT
765642,2025,2025-10-19,14:00,5972,5734,1,1,21,FT
768666,2025,2025-10-25,14:00,5735,5972,1,0,19,FT
692490,2025,2025-10-25,14:00,5388,5731,3,4,11,FT
768966,2025,2025-10-25,14:00,5734,5698,1,5,31,FT
669081,2023,2023-05-05,19:15,5219,5385,0,1,24,FT
743766,2023,2023-05-05,19:15,5735,5963,0,2,19,FT
748930,2023,2023-05-05,19:15,5971,5972,1,3,26,FT
750904,2023,2023-05-05,19:15,6031,5981,1,1,12,FT
766007,2023,2023-05-05,19:15,5389,5365,1,3,17,FT
715846,2023,2023-05-06,14:00,5965,5734,2,1,27,FT
715389,2023,2023-05-11,19:15,5385,5389,3,3,28,FT
763449,2023,2023-05-11,19:15,5981,5219,2,2,7,FT
760353,2023,2023-05-12,19:15,5365,5971,2,3,29,FT
767935,2023,2023-05-12,19:15,5963,6031,0,0,30,FT
598264,2023,2023-05-12,19:30,5972,5965,1,0,4,FT
753482,2023,2023-05-13,14:00,5734,5735,2,2,31,FT
671555,2023,2023-05-20,15:00,5965,5365,1,0,32,FT
750902,2023,2023-05-21,14:00,6031,5734,2,2,12,FT
748935,2023,2023-05-21,14:00,5971,5385,1,2,26,FT
766006,2023,2023-05-21,19:15,5389,5219,3,1,17,FT
767937,2023,2023-05-22,19:15,5963,5981,1,0,30,FT
743762,2023,2023-05-22,19:15,5735,5972,1,1,19,FT
750901,2023,2023-05-26,17:00,6031,5972,2,3,12,FT
715391,2023,2023-05-26,18:30,5385,5965,6,0,28,FT
669083,2023,2023-05-26,19:15,5219,5971,1,3,24,FT
757803,2023,2023-05-26,19:15,5981,5389,3,1,33,FT
760182,2023,2023-05-26,19:15,5365,5735,2,3,29,FT
753483,2023,2023-05-27,13:00,5734,5963,0,2,31,FT
748937,2023,2023-06-01,19:15,5971,5389,2,1,26,FT
743757,2023,2023-06-01,19:15,5735,5385,1,2,19,FT
767926,2023,2023-06-01,19:15,5963,5972,0,3,30,FT
671554,2023,2023-06-02,18:00,5965,5219,3,1,32,FT
750900,2023,2023-06-02,19:15,6031,5365,5,1,12,FT
753484,2023,2023-06-03,15:00,5734,5981,2,0,31,FT
715394,2023,2023-06-08,19:15,5385,6031,2,2,28,FT
757798,2023,2023-06-08,19:15,5981,5971,1,1,33,FT
669085,2023,2023-06-09,19:15,5219,5735,0,1,24,FT
760195,2023,2023-06-10,14:00,5365,5963,2,2,29,FT
765732,2023,2023-06-10,14:00,5972,5734,3,1,21,FT
766004,2023,2023-06-10,14:00,5389,5965,3,0,17,FT
767928,2023,2023-06-15,19:15,5963,5385,0,1,30,FT
750899,2023,2023-06-15,19:15,6031,5219,2,1,12,FT
671553,2023,2023-06-16,18:00,5965,5971,2,1,32,FT
743753,2023,2023-06-16,19:15,5735,5389,6,3,19,FT
765728,2023,2023-06-16,19:15,5972,5981,7,2,21,FT
766062,2023,2023-06-22,19:15,5389,6031,2,1,17,FT
669086,2023,2023-06-22,19:15,5219,5963,1,3,24,FT
760196,2023,2023-06-23,18:00,5365,5972,2,2,29,FT
745955,2023,2023-06-23,19:15,5971,5735,3,4,26,FT
752087,2023,2023-06-24,14:00,5385,5734,1,1,42,FT
757790,2023,2023-06-24,14:00,5981,5965,2,2,33,FT
753485,2023,2023-06-28,18:00,5734,5365,1,0,31,FT
750882,2023,2023-06-28,19:15,6031,5971,1,0,12,FT
743701,2023,2023-06-29,18:00,5735,5965,4,0,19,FT
765727,2023,2023-06-29,19:15,5972,5385,4,3,21,FT
767922,2023,2023-06-30,19:15,5963,5389,1,2,30,FT
753486,2023,2023-07-02,14:00,5734,5219,1,2,31,FT
760189,2023,2023-07-02,18:00,5365,5981,3,0,29,FT
752029,2023,2023-07-06,18:30,5385,5365,4,1,42,FT
743669,2023,2023-07-07,19:15,5735,5981,2,1,19,FT
669089,2023,2023-07-07,19:15,5219,5972,1,4,24,FT
766061,2023,2023-07-08,14:00,5389,5734,1,2,17,FT
767915,2023,2023-07-12,18:00,5963,5965,1,1,30,FT
757789,2023,2023-07-12,19:15,5981,5385,1,1,33,FT
765725,2023,2023-07-12,19:15,5972,5389,1,0,21,FT
760322,2023,2023-07-12,19:15,5365,5219,3,2,29,FT
669088,2023,2023-07-16,14:00,5219,5981,1,0,24,FT
743663,2023,2023-07-16,14:00,5735,5734,1,1,19,FT
746006,2023,2023-07-16,14:00,5971,5365,2,4,26,FT
750862,2023,2023-07-16,14:00,6031,5963,2,0,12,FT
671546,2023,2023-07-16,16:00,5965,5972,1,3,32,FT
766059,2023,2023-07-16,16:00,5389,5385,2,2,17,FT
760311,2023,2023-07-20,19:15,5365,5389,3,2,29,FT
752109,2023,2023-07-21,18:30,5385,5219,5,1,42,FT
757775,2023,2023-07-21,19:15,5981,6031,1,3,33,FT
765719,2023,2023-07-21,19:15,5972,5971,9,0,21,FT
767927,2023,2023-07-21,19:15,5963,5735,0,2,30,FT
753487,2023,2023-07-22,14:00,5734,5965,1,0,31,FT
671551,2023,2023-07-25,18:00,5965,6031,3,1,32,FT
745975,2023,2023-07-25,19:15,5971,5963,2,0,26,FT
669093,2023,2023-07-27,19:15,5219,5389,2,2,24,FT
765718,2023,2023-07-28,19:15,5972,5735,2,5,21,FT
757772,2023,2023-07-29,14:00,5981,5963,4,1,33,FT
760300,2023,2023-07-29,14:00,5365,5965,1,0,29,FT
753488,2023,2023-07-29,14:00,5734,6031,3,0,31,FT
752048,2023,2023-07-29,14:00,5385,5971,2,4,42,FT
767925,2023,2023-08-02,18:00,5963,5734,1,1,30,FT
768015,2023,2023-08-02,18:00,5965,5385,0,1,32,FT
766058,2023,2023-08-02,19:15,5389,5981,3,5,17,FT
765717,2023,2023-08-02,19:15,5972,6031,1,1,21,FT
746014,2023,2023-08-02,19:15,5971,5219,3,1,26,FT
743658,2023,2023-08-02,19:15,5735,5365,1,5,19,FT
753321,2023,2023-08-08,18:00,5734,5971,2,1,31,FT
750863,2023,2023-08-08,19:15,6031,5735,1,3,12,FT
765715,2023,2023-08-10,18:30,5972,5963,1,2,21,FT
760277,2023,2023-08-11,18:00,5365,6031,2,1,29,FT
669097,2023,2023-08-11,18:00,5219,5965,2,3,24,FT
751973,2023,2023-08-11,18:30,5385,5735,0,1,42,FT
757770,2023,2023-08-12,14:00,5981,5734,2,0,33,FT
766056,2023,2023-08-12,17:00,5389,5971,4,3,17,FT
767918,2023,2023-08-16,18:00,5963,5365,1,0,30,FT
767984,2023,2023-08-16,18:00,5965,5389,2,1,32,FT
753489,2023,2023-08-16,18:00,5734,5972,2,2,31,FT
743654,2023,2023-08-16,18:00,5735,5219,4,0,19,FT
746032,2023,2023-08-16,18:00,5971,5981,2,3,26,FT
750860,2023,2023-08-16,19:15,6031,5385,3,3,12,FT
757755,2023,2023-08-20,14:00,5981,5972,1,2,33,FT
760259,2023,2023-08-20,14:00,5365,5734,1,2,29,FT
746037,2023,2023-08-20,18:00,5971,5965,2,2,26,FT
766050,2023,2023-08-20,19:15,5389,5735,1,1,17,FT
669099,2023,2023-08-21,18:00,5219,6031,2,2,24,FT
752006,2023,2023-08-21,18:00,5385,5963,5,1,42,FT
767982,2023,2023-08-25,17:00,5965,5981,0,3,32,FT
767911,2023,2023-08-25,18:00,5963,5219,7,2,30,FT
743645,2023,2023-08-25,18:00,5735,5971,1,0,19,FT
750858,2023,2023-08-25,19:15,6031,5389,2,2,12,FT
753490,2023,2023-08-26,13:00,5734,5385,3,1,31,FT
765704,2023,2023-08-26,13:00,5972,5365,0,2,21,FT
766985,2023,2023-08-31,17:30,5389,5963,5,0,36,FT
752122,2023,2023-08-31,17:30,5385,5972,4,2,42,FT
746046,2023,2023-09-01,17:30,5971,6031,1,0,26,FT
767978,2023,2023-09-02,14:00,5965,5735,2,3,32,FT
727812,2023,2023-09-02,15:00,5219,5734,0,5,10,FT
757733,2023,2023-09-02,16:00,5981,5365,2,4,33,FT
753494,2023,2023-09-09,14:00,5734,5389,2,1,31,FT
757731,2023,2023-09-09,14:00,5981,5735,2,4,33,FT
767910,2023,2023-09-09,14:00,5963,5971,2,1,30,FT
760793,2023,2023-09-09,14:00,5365,5385,1,2,29,FT
765701,2023,2023-09-09,14:00,5972,5219,5,0,21,FT
750852,2023,2023-09-09,17:00,6031,5965,1,0,12,FT
669105,2023,2023-09-16,12:00,5219,5365,0,5,24,FT
743555,2023,2023-09-16,14:00,5735,6031,4,1,19,FT
746143,2023,2023-09-16,14:00,5971,5734,1,2,26,FT
752052,2023,2023-09-16,14:00,5385,5981,4,0,42,FT
766036,2023,2023-09-16,14:00,5389,5972,2,1,17,FT
767980,2023,2023-09-16,14:00,5965,5963,3,0,32,FT
685690,2024,2024-05-01,19:15,5963,5385,2,3,9,FT
760501,2024,2024-05-03,19:15,5365,5981,1,2,29,FT
765527,2024,2024-05-03,19:15,5972,6031,1,1,21,FT
766095,2024,2024-05-03,19:15,5389,5965,1,1,17,FT
763824,2024,2024-05-03,19:15,5964,5699,1,2,7,FT
586336,2024,2024-05-04,14:00,7125,5388,3,1,37,FT
716239,2024,2024-05-09,16:00,5965,5972,4,2,27,FT
763827,2024,2024-05-09,16:00,5981,7125,3,0,7,FT
707243,2024,2024-05-10,18:00,5385,5365,1,0,28,FT
692396,2024,2024-05-10,18:00,5388,5389,4,2,11,FT
750147,2024,2024-05-10,19:15,6031,5964,1,0,12,FT
769423,2024,2024-05-10,19:15,5963,5699,1,1,61,FT
766099,2024,2024-05-18,14:00,5389,5981,0,1,17,FT
760497,2024,2024-05-18,14:00,5365,5699,1,0,29,FT
586332,2024,2024-05-18,16:30,7125,5385,0,0,37,FT
692395,2024,2024-05-20,14:00,5388,5965,1,1,11,FT
769415,2024,2024-05-20,14:00,5963,6031,2,2,61,FT
762050,2024,2024-05-21,19:15,5964,5972,3,0,14,FT
707252,2024,2024-05-23,18:00,5385,5389,3,1,28,FT
765530,2024,2024-05-25,13:00,5972,5963,1,1,21,FT
767983,2024,2024-05-25,14:00,5965,5964,1,1,32,FT
750145,2024,2024-05-25,14:00,6031,5365,4,3,12,FT
618433,2024,2024-05-25,15:00,5699,7125,1,1,39,FT
757767,2024,2024-05-26,15:00,5981,5388,0,0,33,FT
757777,2024,2024-05-31,18:00,5981,5965,5,1,33,FT
769424,2024,2024-05-31,19:15,5963,5964,2,2,61,FT
766100,2024,2024-05-31,19:15,5389,5699,5,0,17,FT
760489,2024,2024-05-31,19:15,5365,5972,0,1,29,FT
586330,2024,2024-06-01,16:00,7125,6031,2,2,37,FT
692394,2024,2024-06-01,16:00,5388,5385,2,2,11,FT
762051,2024,2024-06-05,19:15,5964,5365,5,0,14,FT
707258,2024,2024-06-06,18:00,5385,5981,4,2,28,FT
618434,2024,2024-06-07,17:30,5699,5388,2,2,39,FT
750142,2024,2024-06-07,19:15,6031,5389,1,1,12,FT
765534,2024,2024-06-08,15:00,5972,7125,4,3,21,FT
750140,2024,2024-06-13,17:30,6031,5388,0,3,12,FT
757783,2024,2024-06-13,19:15,5981,5699,3,0,33,FT
766101,2024,2024-06-13,19:15,5389,5972,1,2,17,FT
760466,2024,2024-06-15,14:00,5365,5963,2,3,29,FT
586328,2024,2024-06-15,14:00,7125,5964,0,0,37,FT
752035,2024,2024-06-15,16:00,5385,5965,1,0,42,FT
750139,2024,2024-06-19,19:15,6031,5981,2,3,12,FT
765540,2024,2024-06-20,18:00,5972,5388,0,3,21,FT
762052,2024,2024-06-20,19:15,5964,5389,1,1,14,FT
618438,2024,2024-06-20,19:15,5699,5385,3,1,39,FT
769417,2024,2024-06-22,16:00,5963,7125,3,1,61,FT
767992,2024,2024-06-22,16:00,5965,5365,1,2,32,FT
769437,2024,2024-06-26,18:00,5963,5388,3,1,61,FT
762053,2024,2024-06-26,18:00,5964,5981,1,1,14,FT
760454,2024,2024-06-26,19:15,5365,5389,3,1,29,FT
765542,2024,2024-06-26,19:15,5972,5385,0,1,21,FT
586324,2024,2024-06-26,19:15,7125,5965,1,3,37,FT
750137,2024,2024-06-26,19:15,6031,5699,1,3,12,FT
752031,2024,2024-06-30,14:00,5385,6031,5,2,42,FT
586325,2024,2024-06-30,16:00,7125,5365,0,1,37,FT
618449,2024,2024-06-30,16:00,5699,5965,1,1,39,FT
692393,2024,2024-06-30,16:00,5388,5964,5,0,11,FT
757784,2024,2024-06-30,19:15,5981,5972,2,5,33,FT
766102,2024,2024-06-30,19:15,5389,5963,1,0,17,FT
768010,2024,2024-07-04,18:00,5965,6031,3,1,32,FT
752028,2024,2024-07-04,18:00,5385,5964,0,0,42,FT
757793,2024,2024-07-04,19:15,5981,5963,0,1,33,FT
618458,2024,2024-07-04,19:15,5699,5972,3,0,39,FT
692380,2024,2024-07-06,15:15,5388,5365,1,0,11,FT
766104,2024,2024-07-06,16:00,5389,7125,4,1,17,FT
767987,2024,2024-07-08,18:00,5965,5963,2,2,32,FT
766105,2024,2024-07-11,18:00,5389,5388,2,1,17,FT
760451,2024,2024-07-11,19:15,5365,5385,0,1,29,FT
762054,2024,2024-07-11,19:15,5964,6031,2,1,14,FT
618474,2024,2024-07-12,19:15,5699,5963,3,0,39,FT
586322,2024,2024-07-13,14:00,7125,5981,0,0,37,FT
765548,2024,2024-07-13,16:00,5972,5965,0,3,21,FT
752025,2024,2024-07-18,18:00,5385,5963,5,1,42,FT
757794,2024,2024-07-18,19:15,5981,5365,3,2,33,FT
750134,2024,2024-07-18,19:15,6031,5972,1,4,12,FT
618485,2024,2024-07-18,19:15,5699,5964,0,1,39,FT
692370,2024,2024-07-20,13:00,5388,7125,1,0,11,FT
768007,2024,2024-07-20,16:00,5965,5389,0,1,32,FT
765549,2024,2024-07-25,19:15,5972,5964,1,3,21,FT
618514,2024,2024-07-25,19:15,5699,5365,1,0,39,FT
750133,2024,2024-07-25,19:15,6031,5963,3,1,12,FT
757800,2024,2024-07-25,19:15,5981,5389,1,1,33,FT
752021,2024,2024-07-26,18:00,5385,7125,1,1,42,FT
768001,2024,2024-07-27,15:00,5965,5388,0,3,32,FT
769431,2024,2024-07-30,19:15,5963,5972,0,3,61,FT
760441,2024,2024-07-30,19:15,5365,6031,3,1,29,FT
762055,2024,2024-07-31,18:00,5964,5965,3,2,14,FT
586320,2024,2024-07-31,18:00,7125,5699,1,1,37,FT
766106,2024,2024-07-31,19:15,5389,5385,0,0,17,FT
692369,2024,2024-08-03,14:00,5388,5981,2,1,11,FT
765552,2024,2024-08-08,19:15,5972,5365,1,1,21,FT
762056,2024,2024-08-08,19:15,5964,5963,2,1,14,FT
752019,2024,2024-08-09,18:00,5385,5388,1,5,42,FT
618522,2024,2024-08-09,19:15,5699,5389,1,0,39,FT
750131,2024,2024-08-10,14:00,6031,7125,2,3,12,FT
767989,2024,2024-08-10,16:00,5965,5981,2,2,32,FT
769412,2024,2024-08-14,18:00,5963,5965,3,0,61,FT
586317,2024,2024-08-14,18:00,7125,5972,1,3,37,FT
692368,2024,2024-08-14,18:00,5388,5699,2,2,11,FT
760437,2024,2024-08-14,19:15,5365,5964,0,0,29,FT
757805,2024,2024-08-14,19:15,5981,5385,0,0,33,FT
766107,2024,2024-08-14,19:15,5389,6031,3,1,17,FT
762057,2024,2024-08-18,14:00,5964,7125,3,1,14,FT
769430,2024,2024-08-18,14:00,5963,5365,3,3,61,FT
618535,2024,2024-08-18,14:00,5699,5981,1,1,39,FT
692367,2024,2024-08-18,16:00,5388,6031,2,1,11,FT
768017,2024,2024-08-18,16:00,5965,5385,1,1,32,FT
765554,2024,2024-08-19,19:15,5972,5389,1,0,21,FT
757749,2024,2024-08-22,18:00,5981,6031,1,0,33,FT
751972,2024,2024-08-22,18:00,5385,5699,1,2,42,FT
692399,2024,2024-08-24,14:00,5388,5972,2,3,11,FT
766108,2024,2024-08-24,14:00,5389,5964,3,2,17,FT
586315,2024,2024-08-24,16:00,7125,5963,1,7,37,FT
760433,2024,2024-08-24,16:00,5365,5965,5,1,29,FT
769420,2024,2024-08-29,19:15,5963,5389,2,2,61,FT
762048,2024,2024-08-30,17:30,5964,5388,3,2,14,FT
765522,2024,2024-08-30,18:30,5972,5981,4,1,21,FT
750152,2024,2024-08-31,14:00,6031,5385,2,1,12,FT
767986,2024,2024-08-31,16:00,5965,5699,1,1,32,FT
760575,2024,2024-08-31,16:00,5365,7125,2,1,29,FT
757765,2024,2024-09-07,16:15,5981,5964,0,0,33,FT
751971,2024,2024-09-08,14:00,5385,5972,2,0,42,FT
692398,2024,2024-09-08,14:00,5388,5963,6,0,11,FT
618414,2024,2024-09-08,14:00,5699,6031,2,1,39,FT
767995,2024,2024-09-08,14:00,5965,7125,2,0,32,FT
766094,2024,2024-09-08,14:00,5389,5365,0,0,17,FT
760506,2024,2024-09-14,14:00,5365,5388,1,1,29,FT
762049,2024,2024-09-14,14:00,5964,5385,4,0,14,FT
765526,2024,2024-09-14,14:00,5972,5699,3,0,21,FT
769426,2024,2024-09-14,14:00,5963,5981,2,2,61,FT
586337,2024,2024-09-14,14:00,7125,5389,2,5,37,FT
750148,2024,2024-09-14,14:00,6031,5965,1,2,12,FT
716943,2025,2025-05-02,18:00,5965,5732,1,1,27,FT
747512,2025,2025-05-02,18:00,5971,5963,2,1,26,FT
700578,2025,2025-05-02,18:30,5385,5964,1,3,28,FT
769783,2025,2025-05-02,18:30,5981,5386,1,1,40,FT
766053,2025,2025-05-02,19:15,5389,5365,1,1,17,FT
700579,2025,2025-05-03,16:00,5699,5217,1,0,28,FT
760588,2025,2025-05-09,18:00,5365,5965,1,4,29,FT
761990,2025,2025-05-09,19:15,5964,5389,0,1,14,FT
728887,2025,2025-05-09,19:15,5732,5699,1,1,10,FT
769750,2025,2025-05-09,19:30,5386,5971,2,0,1,FT
769791,2025,2025-05-10,16:00,5981,5217,5,1,40,FT
767924,2025,2025-05-10,16:00,5963,5385,3,3,30,FT
596333,2025,2025-05-16,18:30,5385,5386,1,1,42,FT
760563,2025,2025-05-16,19:15,5365,5732,0,1,29,FT
769799,2025,2025-05-16,19:15,5981,5699,1,1,40,FT
747610,2025,2025-05-17,16:00,5971,5217,1,2,26,FT
716934,2025,2025-05-18,14:00,5965,5964,2,4,27,FT
766055,2025,2025-05-18,18:00,5389,5963,2,4,17,FT
769591,2025,2025-05-23,19:15,5699,5971,2,0,39,FT
769666,2025,2025-05-23,19:15,5386,5389,1,2,1,FT
761991,2025,2025-05-23,19:15,5964,5365,6,0,14,FT
728890,2025,2025-05-23,19:15,5732,5981,1,3,10,FT
765195,2025,2025-05-24,16:00,5217,5385,2,1,44,FT
767940,2025,2025-05-24,16:00,5963,5965,3,4,30,FT
766060,2025,2025-05-29,16:00,5389,5217,4,1,17,FT
716929,2025,2025-05-30,18:00,5965,5386,4,1,27,FT
596174,2025,2025-05-30,18:30,5385,5699,0,3,42,FT
747852,2025,2025-05-30,19:15,5971,5981,0,4,26,FT
760494,2025,2025-05-30,19:15,5365,5963,2,6,29,FT
761992,2025,2025-05-30,19:15,5964,5732,0,3,14,FT
716871,2025,2025-06-04,19:15,5965,5217,1,3,27,FT
728928,2025,2025-06-04,19:15,5732,5971,4,1,10,FT
769599,2025,2025-06-04,19:15,5699,5389,2,1,39,FT
769692,2025,2025-06-04,19:15,5386,5365,1,2,1,FT
769776,2025,2025-06-04,19:15,5981,5385,1,1,40,FT
767936,2025,2025-06-09,14:00,5963,5732,2,1,30,FT
716866,2025,2025-06-09,16:00,5965,5699,1,1,27,FT
760417,2025,2025-06-09,16:00,5365,5217,3,1,29,FT
596103,2025,2025-06-09,17:00,5385,5971,0,2,42,FT
761993,2025,2025-06-09,19:15,5964,5386,1,1,14,FT
766057,2025,2025-06-09,19:15,5389,5981,2,2,17,FT
769607,2025,2025-06-13,19:15,5699,5365,1,0,39,FT
769748,2025,2025-06-13,19:15,5386,5963,1,1,1,FT
728945,2025,2025-06-13,19:15,5732,5385,3,0,10,FT
747989,2025,2025-06-14,14:00,5971,5389,0,2,26,FT
765249,2025,2025-06-14,14:00,5217,5964,1,1,44,FT
769779,2025,2025-06-14,16:00,5981,5965,3,1,40,FT
766030,2025,2025-06-19,19:15,5389,5385,1,4,17,FT
769769,2025,2025-06-20,19:15,5386,5732,1,2,1,FT
760172,2025,2025-06-20,19:15,5365,5981,1,1,29,FT
767942,2025,2025-06-21,16:00,5963,5217,2,4,30,FT
716854,2025,2025-06-22,16:00,5965,5971,2,0,27,FT
761994,2025,2025-06-22,18:15,5964,5699,0,0,14,FT
769788,2025,2025-06-26,19:15,5981,5964,3,1,40,FT
596075,2025,2025-06-27,18:00,5385,5965,0,5,42,FT
748042,2025,2025-06-27,19:15,5971,5365,2,2,26,FT
769605,2025,2025-06-27,19:15,5699,5963,6,1,39,FT
766157,2025,2025-06-27,19:15,5389,5732,2,2,17,FT
765005,2025,2025-06-28,13:00,5217,5386,1,4,44,FT
716829,2025,2025-07-03,18:00,5965,5389,1,2,27,FT
761995,2025,2025-07-03,19:15,5964,5971,3,2,14,FT
767932,2025,2025-07-03,19:15,5963,5981,1,5,30,FT
769667,2025,2025-07-04,19:15,5386,5699,1,2,1,FT
760158,2025,2025-07-04,19:15,5365,5385,0,1,29,FT
728948,2025,2025-07-05,16:00,5732,5217,3,1,10,FT
767920,2025,2025-07-07,19:15,5963,5964,1,4,30,FT
596070,2025,2025-07-11,18:30,5385,5963,2,3,42,FT
748082,2025,2025-07-11,19:15,5971,5386,3,1,26,FT
766135,2025,2025-07-11,19:15,5389,5964,3,2,17,FT
769593,2025,2025-07-11,19:15,5699,5732,1,2,39,FT
765060,2025,2025-07-12,14:00,5217,5981,1,1,44,FT
716825,2025,2025-07-12,16:00,5965,5365,2,0,27,FT
728981,2025,2025-07-18,18:00,5732,5965,1,2,10,FT
761996,2025,2025-07-18,19:15,5964,5385,5,4,14,FT
760151,2025,2025-07-18,19:15,5365,5389,1,1,29,FT
757271,2025,2025-07-18,19:15,5963,5971,0,2,45,FT
769753,2025,2025-07-18,19:15,5386,5981,0,1,1,FT
765095,2025,2025-07-19,16:00,5217,5699,2,3,44,FT
761997,2025,2025-07-25,18:00,5964,5965,2,2,14,FT
728982,2025,2025-07-25,19:15,5732,5365,1,0,10,FT
769699,2025,2025-07-25,19:15,5386,5385,3,3,1,FT
769595,2025,2025-07-25,19:15,5699,5981,2,2,39,FT
767919,2025,2025-07-25,19:15,5963,5389,1,2,30,FT
765107,2025,2025-07-26,14:00,5217,5971,4,0,44,FT
716489,2025,2025-07-29,18:00,5965,5963,2,0,27,FT
760142,2025,2025-07-29,19:15,5365,5964,0,2,29,FT
766080,2025,2025-07-29,19:15,5389,5386,2,1,17,FT
769793,2025,2025-07-29,19:15,5981,5732,3,0,40,FT
596049,2025,2025-07-30,18:30,5385,5217,1,1,42,FT
748120,2025,2025-07-30,19:15,5971,5699,0,1,26,FT
769735,2025,2025-08-08,18:00,5386,5965,1,2,1,FT
769784,2025,2025-08-08,19:15,5981,5971,2,1,40,FT
767941,2025,2025-08-08,19:15,5963,5365,3,2,30,FT
769589,2025,2025-08-08,19:15,5699,5385,3,3,39,FT
729022,2025,2025-08-08,19:15,5732,5964,3,0,10,FT
765086,2025,2025-08-09,16:00,5217,5389,2,2,44,FT
748257,2025,2025-08-13,18:00,5971,5732,3,0,26,FT
760165,2025,2025-08-13,18:00,5365,5386,1,0,29,FT
765079,2025,2025-08-13,18:00,5217,5965,2,5,44,FT
761998,2025,2025-08-13,18:00,5964,5963,4,0,14,FT
596041,2025,2025-08-13,18:30,5385,5981,1,2,42,FT
766015,2025,2025-08-13,19:15,5389,5699,3,1,17,FT
769718,2025,2025-08-17,14:00,5386,5964,4,0,1,FT
769790,2025,2025-08-17,14:00,5981,5389,2,3,40,FT
748267,2025,2025-08-17,14:00,5971,5385,1,2,26,FT
729101,2025,2025-08-17,14:00,5732,5963,3,3,10,FT
765237,2025,2025-08-17,16:00,5217,5365,1,2,44,FT
769601,2025,2025-08-17,16:00,5699,5965,0,1,39,FT
766113,2025,2025-08-23,14:00,5389,5971,2,1,17,FT
767913,2025,2025-08-23,14:00,5963,5386,0,4,30,FT
760639,2025,2025-08-23,14:00,5365,5699,1,1,29,FT
700614,2025,2025-08-23,14:00,5385,5732,1,5,28,FT
716433,2025,2025-08-23,16:00,5965,5981,3,1,27,FT
761999,2025,2025-08-23,17:00,5964,5217,7,2,14,FT
700631,2025,2025-08-29,18:00,5385,5389,1,2,28,FT
769592,2025,2025-08-29,18:00,5699,5964,4,2,39,FT
769798,2025,2025-08-29,18:00,5981,5365,3,1,40,FT
729102,2025,2025-08-29,19:15,5732,5386,0,2,10,FT
764995,2025,2025-08-30,14:00,5217,5963,2,0,44,FT
748272,2025,2025-08-30,16:00,5971,5965,3,2,26,FT
729108,2025,2025-09-06,16:00,5732,5389,5,2,10,FT
716420,2025,2025-09-06,16:00,5965,5385,2,1,27,FT
762000,2025,2025-09-06,16:00,5964,5981,2,1,14,FT
760223,2025,2025-09-06,16:00,5365,5971,2,0,29,FT
769726,2025,2025-09-06,16:00,5386,5217,1,2,1,FT
767909,2025,2025-09-06,16:00,5963,5699,3,1,30,FT
766126,2025,2025-09-13,14:00,5389,5965,1,2,17,FT
769612,2025,2025-09-13,14:00,5699,5386,1,2,39,FT
769777,2025,2025-09-13,14:00,5981,5963,3,0,40,FT
765151,2025,2025-09-13,14:00,5217,5732,0,4,44,FT
700671,2025,2025-09-13,14:00,5385,5365,1,2,28,FT
748282,2025,2025-09-13,14:00,5971,5964,1,4,26,FT
753403,2023,2023-09-20,16:30,5734,5385,1,0,31,FT
760146,2023,2023-09-20,16:30,5365,5972,1,2,29,FT
765933,2023,2023-09-24,14:00,5972,5365,3,0,21,FT
751993,2023,2023-09-24,14:00,5385,5734,1,1,42,FT
640880,2023,2023-09-30,16:00,5734,5972,1,0,76,FT
620672,2024,2024-09-18,16:45,5699,5964,1,4,39,FT
765610,2024,2024-09-19,19:15,5972,5385,3,1,21,FT
762068,2024,2024-09-22,14:00,5964,5699,2,3,14,FT
752015,2024,2024-09-23,15:45,5385,5972,0,0,42,FT
639366,2024,2024-09-28,14:00,5964,5972,0,1,76,FT
762099,2025,2025-09-17,16:45,5964,5981,1,2,14,FT
728412,2025,2025-09-17,19:15,5732,5389,4,3,10,FT
766147,2025,2025-09-21,14:00,5389,5732,2,3,17,FT
769775,2025,2025-09-21,14:00,5981,5964,0,3,40,FT
640206,2025,2025-09-27,16:15,5964,5732,4,0,76,FT
765229,2023,2023-05-05,19:00,5217,6281,1,0,44,FT
579524,2023,2023-05-05,19:15,5976,5172,4,1,46,FT
738745,2023,2023-05-06,14:00,6189,6131,5,2,5,FT
725729,2023,2023-05-06,14:00,6330,5216,6,1,47,FT
648245,2023,2023-05-06,16:00,6049,7125,3,1,48,FT
767724,2023,2023-05-06,16:00,5973,5699,1,1,49,FT
632893,2023,2023-05-11,19:30,6131,5976,1,1,50,FT
593145,2023,2023-05-13,14:00,6281,6049,0,0,51,FT
757325,2023,2023-05-13,15:00,5172,6330,1,1,45,FT
586843,2023,2023-05-13,16:00,7125,6189,1,0,37,FT
647421,2023,2023-05-13,16:00,5216,5973,2,3,52,FT
618186,2023,2023-05-13,16:00,5699,5217,3,0,39,FT
767726,2023,2023-05-20,14:00,5973,5172,1,3,49,FT
648246,2023,2023-05-20,16:00,6049,5217,3,2,48,FT
579533,2023,2023-05-20,16:00,5976,7125,1,1,46,FT
725728,2023,2023-05-21,13:00,6330,6131,2,0,47,FT
764717,2023,2023-05-21,15:00,6189,6281,2,1,53,FT
647418,2023,2023-05-21,16:00,5216,5699,1,4,52,FT
586819,2023,2023-05-26,19:15,7125,6330,2,2,37,FT
618234,2023,2023-05-26,19:15,5699,6049,7,0,39,FT
632880,2023,2023-05-27,12:00,6131,5973,2,1,50,FT
757324,2023,2023-05-27,14:00,5172,5216,1,0,45,FT
765234,2023,2023-05-27,16:00,5217,6189,1,3,44,FT
593123,2023,2023-05-28,13:00,6281,5976,4,2,51,FT
757321,2023,2023-06-02,19:15,5172,5699,3,0,45,FT
725727,2023,2023-06-02,19:15,6330,6281,1,1,47,FT
767728,2023,2023-06-03,13:00,5973,7125,0,0,49,FT
738777,2023,2023-06-03,14:00,6189,6049,1,4,5,FT
647416,2023,2023-06-03,15:00,5216,6131,0,1,52,FT
579577,2023,2023-06-03,16:00,5976,5217,2,0,46,FT
586814,2023,2023-06-07,19:15,7125,5216,1,2,37,FT
587694,2023,2023-06-07,19:15,6281,5973,1,0,54,FT
632862,2023,2023-06-07,19:15,6131,5172,0,2,50,FT
618264,2023,2023-06-07,19:15,5699,6189,1,2,39,FT
648247,2023,2023-06-07,19:15,6049,5976,2,0,48,FT
765244,2023,2023-06-07,19:15,5217,6330,1,1,44,FT
725726,2023,2023-06-11,14:00,6330,6049,3,1,47,FT
632858,2023,2023-06-11,14:00,6131,5699,0,2,50,FT
647415,2023,2023-06-11,14:00,5216,6281,3,1,52,FT
579613,2023,2023-06-11,14:00,5976,6189,1,3,46,FT
757320,2023,2023-06-11,16:00,5172,7125,2,2,45,FT
767729,2023,2023-06-11,16:00,5973,5217,0,1,49,FT
586811,2023,2023-06-16,19:15,7125,6131,5,1,37,FT
618316,2023,2023-06-16,19:15,5699,5976,1,2,39,FT
738872,2023,2023-06-16,20:00,6189,6330,0,0,5,FT
648248,2023,2023-06-17,14:00,6049,5973,7,1,48,FT
587693,2023,2023-06-17,15:00,6281,5172,3,1,54,FT
767730,2023,2023-06-24,16:00,5973,6189,1,0,49,FT
632841,2023,2023-06-25,14:00,6131,6281,3,4,50,FT
725725,2023,2023-06-25,15:30,6330,5976,3,2,47,FT
757315,2023,2023-06-25,16:00,5172,5217,3,2,45,FT
647413,2023,2023-06-25,16:00,5216,6049,1,2,52,FT
586809,2023,2023-06-25,16:00,7125,5699,3,1,37,FT
648249,2023,2023-06-30,18:00,6049,5172,2,1,48,FT
587692,2023,2023-06-30,19:15,6281,7125,1,3,54,FT
579641,2023,2023-07-01,13:00,5976,5973,1,1,46,FT
725724,2023,2023-07-01,14:00,6330,5699,2,1,47,FT
738876,2023,2023-07-01,17:00,6189,5216,2,0,5,FT
765247,2023,2023-07-01,17:00,5217,6131,3,0,44,FT
757311,2023,2023-07-06,19:15,5172,6189,1,1,45,FT
586804,2023,2023-07-06,19:15,7125,5217,3,2,37,FT
632777,2023,2023-07-07,19:15,6131,6049,0,0,50,FT
619473,2023,2023-07-08,14:00,5699,6281,2,0,39,FT
767731,2023,2023-07-08,14:00,5973,6330,2,2,49,FT
647412,2023,2023-07-08,16:00,5216,5976,2,1,52,FT
579664,2023,2023-07-13,19:15,5976,6131,3,2,46,FT
765251,2023,2023-07-15,13:00,5217,5699,2,0,44,FT
725722,2023,2023-07-15,14:00,6330,5172,1,1,47,FT
648250,2023,2023-07-15,14:00,6049,6281,3,0,48,FT
738883,2023,2023-07-15,16:00,6189,7125,1,2,5,FT
767732,2023,2023-07-15,16:00,5973,5216,3,1,49,FT
620454,2023,2023-07-22,12:00,5699,5973,5,1,39,FT
765246,2023,2023-07-22,14:00,5217,5216,2,3,44,FT
586787,2023,2023-07-23,17:00,7125,6049,3,0,37,FT
632768,2023,2023-07-24,19:15,6131,6189,1,3,50,FT
757290,2023,2023-07-24,19:15,5172,5976,2,1,45,FT
587691,2023,2023-07-25,17:00,6281,5217,2,1,54,FT
647410,2023,2023-07-25,18:00,5216,6330,1,3,52,FT
632758,2023,2023-07-29,14:00,6131,6330,0,4,50,FT
587690,2023,2023-07-29,14:00,6281,6189,4,1,54,FT
757267,2023,2023-07-29,14:00,5172,5973,4,0,45,FT
765238,2023,2023-07-29,16:00,5217,6049,1,0,44,FT
586775,2023,2023-07-29,16:00,7125,5976,1,1,37,FT
618036,2023,2023-07-29,16:00,5699,5216,3,1,39,FT
647409,2023,2023-08-02,18:00,5216,5172,3,2,52,FT
767733,2023,2023-08-02,18:00,5973,6131,3,1,49,FT
738910,2023,2023-08-02,18:00,6189,5217,3,1,5,FT
648251,2023,2023-08-02,19:15,6049,5699,0,1,48,FT
579739,2023,2023-08-02,19:15,5976,6281,3,1,46,FT
725721,2023,2023-08-03,18:00,6330,7125,1,0,47,FT
586770,2023,2023-08-10,18:00,7125,5973,2,1,37,FT
617651,2023,2023-08-11,19:15,5699,5172,1,3,39,FT
587689,2023,2023-08-12,12:00,6281,6330,2,1,54,FT
648252,2023,2023-08-12,14:00,6049,6189,2,2,48,FT
765240,2023,2023-08-12,16:00,5217,5976,0,2,44,FT
632748,2023,2023-08-12,16:00,6131,5216,0,4,50,FT
647408,2023,2023-08-16,18:00,5216,7125,0,2,52,FT
579765,2023,2023-08-16,18:00,5976,6049,0,3,46,FT
767734,2023,2023-08-16,18:00,5973,6281,0,2,49,FT
725720,2023,2023-08-16,18:00,6330,5217,1,2,47,FT
757301,2023,2023-08-16,18:00,5172,6131,0,0,45,FT
738943,2023,2023-08-17,19:00,6189,5699,3,5,5,FT
648253,2023,2023-08-20,12:00,6049,6330,0,0,48,FT
738951,2023,2023-08-20,14:00,6189,5976,1,3,5,FT
765241,2023,2023-08-20,14:00,5217,5973,5,1,44,FT
618507,2023,2023-08-20,14:00,5699,6131,5,1,39,FT
586763,2023,2023-08-20,16:00,7125,5172,3,1,37,FT
587688,2023,2023-08-20,16:00,6281,5216,2,2,54,FT
579810,2023,2023-08-25,18:00,5976,5699,1,3,46,FT
647407,2023,2023-08-25,18:00,5216,5217,3,2,52,FT
767735,2023,2023-08-26,14:00,5973,6049,3,3,49,FT
757274,2023,2023-08-26,14:00,5172,6281,0,2,45,FT
725719,2023,2023-08-26,14:00,6330,6189,2,1,47,FT
632732,2023,2023-08-26,16:00,6131,7125,1,4,50,FT
587700,2023,2023-09-02,14:00,6281,6131,1,0,54,FT
579457,2023,2023-09-02,14:00,5976,6330,0,2,46,FT
764729,2023,2023-09-02,14:00,6189,5973,3,0,53,FT
617922,2023,2023-09-02,14:30,5699,7125,0,0,39,FT
765227,2023,2023-09-02,16:00,5217,5172,1,2,44,FT
648243,2023,2023-09-03,15:00,6049,5216,3,2,48,FT
586879,2023,2023-09-08,18:00,7125,6281,4,2,37,FT
632907,2023,2023-09-09,13:00,6131,5217,1,3,50,FT
617948,2023,2023-09-09,14:00,5699,6330,4,2,39,FT
757328,2023,2023-09-09,14:00,5172,6049,4,0,45,FT
767723,2023,2023-09-09,16:00,5973,5976,1,2,49,FT
647426,2023,2023-09-09,16:00,5216,6189,3,2,52,FT
648244,2023,2023-09-15,18:00,6049,6131,4,1,48,FT
579476,2023,2023-09-16,12:00,5976,5216,3,1,46,FT
765228,2023,2023-09-16,13:30,5217,7125,0,2,44,FT
725730,2023,2023-09-16,14:00,6330,5973,5,1,47,FT
738734,2023,2023-09-16,14:00,6189,5172,2,4,5,FT
587697,2023,2023-09-16,14:00,6281,5699,0,5,54,FT
725644,2024,2024-05-04,14:00,6330,5172,2,0,47,FT
747163,2024,2024-05-04,14:00,5971,5227,1,0,26,FT
767867,2024,2024-05-04,14:00,5989,5219,0,3,55,FT
769203,2024,2024-05-04,14:00,5976,6281,4,0,46,FT
741025,2024,2024-05-04,16:00,6189,5216,2,0,5,FT
648400,2024,2024-05-04,16:00,6049,5217,3,0,48,FT
725643,2024,2024-05-11,14:00,6330,6049,2,2,47,FT
741010,2024,2024-05-11,14:00,6189,5976,0,1,5,FT
765007,2024,2024-05-11,14:00,5217,5971,0,1,44,FT
757348,2024,2024-05-11,15:00,5172,6281,1,1,45,FT
769444,2024,2024-05-11,16:00,5219,5216,3,1,24,FT
586256,2024,2024-05-11,16:00,5227,5989,1,3,37,FT
586252,2024,2024-05-17,19:15,5216,5227,0,3,37,FT
769202,2024,2024-05-17,19:15,5976,5219,1,1,46,FT
648404,2024,2024-05-18,14:00,6049,5172,2,0,48,FT
593135,2024,2024-05-18,14:00,6281,6189,3,2,51,FT
747182,2024,2024-05-18,14:00,5971,6330,2,1,26,FT
767866,2024,2024-05-18,16:30,5989,5217,0,5,55,FT
757363,2024,2024-05-23,19:15,5172,6189,1,0,45,FT
765004,2024,2024-05-23,19:15,5217,5216,4,1,44,FT
725641,2024,2024-05-25,14:00,6330,5989,7,3,47,FT
769471,2024,2024-05-25,15:30,5219,6281,2,2,24,FT
584771,2024,2024-05-25,17:00,5227,5976,1,1,58,FT
648405,2024,2024-05-27,18:00,6049,5971,2,2,48,FT
647825,2024,2024-05-31,18:00,5216,6330,4,0,52,FT
747210,2024,2024-05-31,18:00,5971,5172,6,1,26,FT
740987,2024,2024-05-31,19:15,6189,5219,1,2,5,FT
767863,2024,2024-05-31,19:15,5989,6049,1,1,55,FT
769201,2024,2024-06-01,16:00,5976,5217,1,3,46,FT
593132,2024,2024-06-01,16:00,6281,5227,3,1,51,FT
747218,2024,2024-06-06,19:15,5971,5989,2,1,26,FT
769468,2024,2024-06-07,19:15,5219,5172,2,3,24,FT
765002,2024,2024-06-07,19:15,5217,6281,2,2,44,FT
725639,2024,2024-06-08,14:00,6330,5976,3,1,47,FT
585074,2024,2024-06-08,14:00,5227,6189,1,0,58,FT
648410,2024,2024-06-08,16:00,6049,5216,2,0,48,FT
593127,2024,2024-06-13,19:15,6281,6330,3,4,51,FT
767862,2024,2024-06-13,19:15,5989,5172,0,2,55,FT
769198,2024,2024-06-13,19:15,5976,6049,0,3,46,FT
769466,2024,2024-06-14,19:15,5219,5227,0,0,24,FT
647824,2024,2024-06-15,14:10,5216,5971,1,3,52,FT
740963,2024,2024-06-15,19:00,6189,5217,1,2,5,FT
725638,2024,2024-06-23,14:00,6330,6189,1,2,47,FT
648411,2024,2024-06-23,14:00,6049,6281,4,2,48,FT
764999,2024,2024-06-23,14:00,5217,5219,1,2,44,FT
757255,2024,2024-06-23,14:00,5172,5227,0,1,45,FT
767861,2024,2024-06-23,16:00,5989,5216,1,1,55,FT
747226,2024,2024-06-24,19:15,5971,5976,1,2,26,FT
769196,2024,2024-06-28,19:15,5976,5989,3,2,46,FT
769441,2024,2024-06-28,19:15,5227,5217,1,3,59,FT
769462,2024,2024-06-29,14:00,5219,6330,0,1,24,FT
740960,2024,2024-06-29,14:00,6189,6049,4,4,5,FT
587598,2024,2024-06-29,14:00,6281,5971,0,1,54,FT
647823,2024,2024-06-29,16:00,5216,5172,0,5,52,FT
587597,2024,2024-07-03,18:00,6281,5216,1,0,54,FT
584770,2024,2024-07-03,19:15,5227,6049,1,1,58,FT
740943,2024,2024-07-03,19:15,6189,5989,5,4,5,FT
769456,2024,2024-07-03,19:15,5219,5971,1,2,24,FT
769195,2024,2024-07-03,19:15,5976,5172,3,5,46,FT
764994,2024,2024-07-03,19:15,5217,6330,0,2,44,FT
767856,2024,2024-07-07,14:00,5989,6281,0,3,55,FT
725637,2024,2024-07-07,14:00,6330,5227,3,0,47,FT
647822,2024,2024-07-07,16:00,5216,5976,2,0,52,FT
648412,2024,2024-07-07,16:00,6049,5219,3,1,48,FT
757269,2024,2024-07-07,16:00,5172,5217,5,0,45,FT
747230,2024,2024-07-08,19:15,5971,6189,2,2,26,FT
769443,2024,2024-07-11,19:15,5219,5989,1,2,24,FT
757334,2024,2024-07-13,14:00,5172,6330,2,3,45,FT
587596,2024,2024-07-13,14:00,6281,5976,1,3,54,FT
585067,2024,2024-07-13,15:00,5227,5971,0,2,58,FT
647820,2024,2024-07-13,16:00,5216,6189,1,1,52,FT
764993,2024,2024-07-13,16:00,5217,6049,1,0,44,FT
767853,2024,2024-07-19,19:15,5989,5227,0,1,55,FT
648413,2024,2024-07-21,12:00,6049,6330,2,0,48,FT
587595,2024,2024-07-21,14:00,6281,5172,4,1,54,FT
647819,2024,2024-07-21,14:00,5216,5219,2,0,52,FT
747253,2024,2024-07-21,14:00,5971,5217,3,4,26,FT
769192,2024,2024-07-21,14:00,5976,6189,0,4,46,FT
764680,2024,2024-07-25,19:15,6189,6281,2,5,53,FT
757257,2024,2024-07-26,19:15,5172,6049,3,2,45,FT
725636,2024,2024-07-27,13:00,6330,5971,0,1,47,FT
769458,2024,2024-07-27,14:00,5219,5976,2,4,24,FT
764988,2024,2024-07-27,16:00,5217,5989,4,0,44,FT
769442,2024,2024-07-27,17:00,5227,5216,3,1,59,FT
587594,2024,2024-07-31,17:00,6281,5219,2,0,54,FT
647817,2024,2024-07-31,19:15,5216,5217,1,1,52,FT
740910,2024,2024-07-31,19:15,6189,5172,3,3,5,FT
769186,2024,2024-07-31,19:15,5976,5227,5,1,46,FT
767852,2024,2024-08-01,19:15,5989,6330,3,1,55,FT
747259,2024,2024-08-01,19:15,5971,6049,2,1,26,FT
757309,2024,2024-08-09,19:15,5172,5971,4,1,45,FT
769460,2024,2024-08-09,19:15,5219,6189,1,0,24,FT
769440,2024,2024-08-10,14:00,5227,6281,1,2,59,FT
764982,2024,2024-08-10,14:00,5217,5976,3,0,44,FT
648414,2024,2024-08-10,14:00,6049,5989,2,1,48,FT
725635,2024,2024-08-10,16:00,6330,5216,3,0,47,FT
587593,2024,2024-08-16,18:00,6281,5217,0,1,54,FT
757329,2024,2024-08-16,18:00,5172,5219,3,0,45,FT
767851,2024,2024-08-16,18:00,5989,5971,1,4,55,FT
769183,2024,2024-08-17,14:00,5976,6330,3,1,46,FT
740908,2024,2024-08-17,14:00,6189,5227,1,1,5,FT
647816,2024,2024-08-17,16:00,5216,6049,4,1,52,FT
648415,2024,2024-08-21,18:00,6049,5976,3,2,48,FT
584821,2024,2024-08-21,18:00,5227,5219,0,1,58,FT
747267,2024,2024-08-21,18:00,5971,5216,3,2,26,FT
725634,2024,2024-08-21,18:00,6330,6281,8,2,47,FT
764976,2024,2024-08-21,18:00,5217,6189,2,1,44,FT
757351,2024,2024-08-21,18:00,5172,5989,4,1,45,FT
740897,2024,2024-08-24,14:00,6189,6330,4,1,5,FT
587592,2024,2024-08-25,14:00,6281,6049,1,3,54,FT
647815,2024,2024-08-25,14:00,5216,5989,2,1,52,FT
584669,2024,2024-08-25,15:00,5227,5172,0,5,58,FT
769454,2024,2024-08-25,16:00,5219,5217,0,0,24,FT
769176,2024,2024-08-26,18:00,5976,5971,1,2,46,FT
764970,2024,2024-08-31,13:00,5217,5227,4,0,44,FT
747276,2024,2024-08-31,14:00,5971,6281,5,0,26,FT
757352,2024,2024-08-31,16:00,5172,5216,5,0,45,FT
767850,2024,2024-08-31,16:00,5989,5976,0,0,55,FT
725633,2024,2024-09-01,14:00,6330,5219,3,3,47,FT
648416,2024,2024-09-01,14:15,6049,6189,4,0,48,FT
584779,2024,2024-09-08,14:00,5227,6330,1,3,58,FT
587591,2024,2024-09-08,14:00,6281,5989,1,3,54,FT
740880,2024,2024-09-08,14:00,6189,5971,1,3,5,FT
764968,2024,2024-09-08,14:00,5217,5172,2,2,44,FT
769172,2024,2024-09-08,14:00,5976,5216,5,1,46,FT
769452,2024,2024-09-08,14:00,5219,6049,2,2,24,FT
757356,2024,2024-09-14,14:00,5172,5976,3,0,45,FT
767847,2024,2024-09-14,14:00,5989,6189,1,2,55,FT
747285,2024,2024-09-14,14:00,5971,5219,2,2,26,FT
648417,2024,2024-09-14,14:00,6049,5227,3,1,48,FT
725632,2024,2024-09-14,14:00,6330,5217,3,8,47,FT
647814,2024,2024-09-14,14:00,5216,6281,2,3,52,FT
741255,2025,2025-05-02,19:15,6189,5219,0,0,5,FT
725771,2025,2025-05-03,13:00,6330,5227,8,1,47,FT
689543,2025,2025-05-03,14:00,5987,5172,1,2,18,FT
749272,2025,2025-05-03,14:00,5970,6049,1,1,60,FT
768121,2025,2025-05-03,15:00,6031,6281,1,1,23,FT
586549,2025,2025-05-03,16:00,7125,5976,1,1,37,FT
769246,2025,2025-05-09,19:15,5976,5970,2,1,46,FT
769459,2025,2025-05-10,14:00,5219,6330,1,2,24,FT
648118,2025,2025-05-10,14:00,6049,6189,4,1,48,FT
593165,2025,2025-05-10,14:00,6281,5987,1,2,51,FT
584564,2025,2025-05-10,16:00,5227,6031,2,0,58,FT
757244,2025,2025-05-10,16:00,5172,7125,1,0,45,FT
586482,2025,2025-05-16,18:00,7125,6281,4,0,37,FT
749052,2025,2025-05-16,19:15,5970,5172,0,2,60,FT
741469,2025,2025-05-16,20:00,6189,5976,1,4,5,FT
769467,2025,2025-05-17,14:00,5219,5227,3,1,24,FT
725770,2025,2025-05-17,14:30,6330,6049,1,1,47,FT
689542,2025,2025-05-18,14:00,5987,6031,1,2,18,FT
766528,2025,2025-05-23,18:00,6031,7125,2,0,61,FT
757327,2025,2025-05-23,19:15,5172,6189,2,1,45,FT
593139,2025,2025-05-24,14:00,6281,5970,1,3,51,FT
648120,2025,2025-05-24,14:00,6049,5219,3,4,48,FT
584964,2025,2025-05-24,14:00,5227,5987,1,0,58,FT
769230,2025,2025-05-24,15:15,5976,6330,2,1,46,FT
586461,2025,2025-05-29,17:30,7125,5987,2,0,37,FT
769463,2025,2025-05-31,14:00,5219,5976,2,0,24,FT
749056,2025,2025-05-31,14:00,5970,6031,1,1,60,FT
741539,2025,2025-05-31,14:10,6189,6281,5,0,5,FT
769533,2025,2025-05-31,14:30,6330,5172,0,3,62,FT
648121,2025,2025-05-31,16:00,6049,5227,0,1,48,FT
584897,2025,2025-06-04,19:15,5227,7125,0,1,58,FT
689540,2025,2025-06-04,19:15,5987,5970,2,1,18,FT
769217,2025,2025-06-04,19:15,5976,6049,1,1,46,FT
751207,2025,2025-06-04,19:15,6031,6189,3,0,12,FT
757288,2025,2025-06-04,19:15,5172,5219,1,2,45,FT
593137,2025,2025-06-05,19:15,6281,6330,1,1,51,FT
648122,2025,2025-06-09,14:00,6049,5172,2,0,48,FT
741126,2025,2025-06-09,14:00,6189,5987,3,1,5,FT
749114,2025,2025-06-09,14:00,5970,7125,1,0,60,FT
769470,2025,2025-06-09,14:00,5219,6281,4,1,24,FT
769517,2025,2025-06-09,14:00,6330,6031,2,3,62,FT
769212,2025,2025-06-09,16:00,5976,5227,2,1,46,FT
751234,2025,2025-06-14,14:00,6031,5219,3,3,12,FT
757279,2025,2025-06-14,14:00,5172,5976,2,0,45,FT
689539,2025,2025-06-14,14:00,5987,6330,3,2,18,FT
593115,2025,2025-06-14,14:00,6281,6049,2,1,51,FT
586434,2025,2025-06-14,16:00,7125,6189,2,1,37,FT
584861,2025,2025-06-14,18:00,5227,5970,2,0,58,FT
739827,2025,2025-06-20,19:15,6189,5970,2,1,5,FT
769528,2025,2025-06-20,19:15,6330,7125,3,4,62,FT
769200,2025,2025-06-21,14:00,5976,6281,3,2,46,FT
769464,2025,2025-06-21,14:00,5219,5987,6,1,24,FT
757365,2025,2025-06-21,14:00,5172,5227,2,1,45,FT
648124,2025,2025-06-21,14:00,6049,6031,2,2,48,FT
593110,2025,2025-06-29,14:00,6281,5172,2,2,51,FT
586423,2025,2025-06-29,14:00,7125,5219,0,2,37,FT
739554,2025,2025-06-29,14:00,6189,5227,2,1,5,FT
749017,2025,2025-06-29,14:00,5970,6330,1,2,60,FT
689538,2025,2025-06-29,14:00,5987,6049,1,4,18,FT
751438,2025,2025-06-30,19:15,6031,5976,2,0,12,FT
757296,2025,2025-07-04,19:15,5172,6031,0,0,45,FT
769445,2025,2025-07-04,19:15,5219,5970,2,0,24,FT
769193,2025,2025-07-04,19:15,5976,5987,4,1,46,FT
769547,2025,2025-07-05,14:00,6330,6189,5,2,62,FT
584819,2025,2025-07-05,16:00,5227,6281,0,3,58,FT
648126,2025,2025-07-05,16:00,6049,7125,0,3,48,FT
749009,2025,2025-07-11,19:15,5970,5976,2,4,60,FT
751464,2025,2025-07-12,14:00,6031,5227,1,2,12,FT
769510,2025,2025-07-12,14:00,6330,5219,4,3,62,FT
689531,2025,2025-07-12,14:00,5987,6281,1,4,18,FT
739550,2025,2025-07-12,14:00,6189,6049,0,2,5,FT
586409,2025,2025-07-12,16:00,7125,5172,3,0,37,FT
584705,2025,2025-07-19,17:00,5227,6330,5,1,58,FT
648128,2025,2025-07-20,14:00,6049,5970,4,2,48,FT
593100,2025,2025-07-20,14:00,6281,6031,0,2,51,FT
769461,2025,2025-07-20,14:00,5219,6189,6,3,24,FT
757345,2025,2025-07-20,14:00,5172,5987,0,1,45,FT
769187,2025,2025-07-20,16:00,5976,7125,2,2,46,FT
757341,2025,2025-07-24,19:15,5172,5970,2,1,45,FT
769184,2025,2025-07-25,19:15,5976,6189,1,2,46,FT
749885,2025,2025-07-25,19:15,6031,5987,1,2,12,FT
594197,2025,2025-07-25,19:15,6281,7125,0,4,51,FT
648129,2025,2025-07-26,14:00,6049,6330,3,2,48,FT
769439,2025,2025-07-26,17:00,5227,5219,3,2,59,FT
769552,2025,2025-07-30,18:00,6330,5976,3,2,62,FT
586383,2025,2025-07-30,18:00,7125,6031,0,1,37,FT
689523,2025,2025-07-30,19:15,5987,5227,2,3,18,FT
740204,2025,2025-07-30,19:15,6189,5172,4,3,5,FT
769455,2025,2025-07-30,19:15,5219,6049,4,2,24,FT
749199,2025,2025-07-30,19:15,5970,6281,2,2,60,FT
749905,2025,2025-08-09,14:00,6031,5970,0,2,12,FT
769177,2025,2025-08-09,14:00,5976,5219,0,4,46,FT
757343,2025,2025-08-09,14:00,5172,6330,1,1,45,FT
594192,2025,2025-08-09,14:00,6281,6189,0,0,51,FT
689522,2025,2025-08-09,16:00,5987,7125,1,3,18,FT
584666,2025,2025-08-09,16:00,5227,6049,0,2,58,FT
586378,2025,2025-08-13,18:00,7125,5227,0,1,37,FT
648131,2025,2025-08-13,18:00,6049,5976,1,3,48,FT
749028,2025,2025-08-13,18:00,5970,5987,4,1,60,FT
769537,2025,2025-08-13,18:00,6330,6281,6,1,62,FT
769451,2025,2025-08-13,18:00,5219,5172,1,2,24,FT
740282,2025,2025-08-13,19:15,6189,6031,2,5,5,FT
757357,2025,2025-08-16,16:00,5172,6049,2,1,45,FT
594150,2025,2025-08-17,13:00,6281,5219,3,1,51,FT
689516,2025,2025-08-17,14:00,5987,6189,4,3,18,FT
584566,2025,2025-08-17,14:00,5227,5976,2,2,58,FT
750238,2025,2025-08-17,14:00,6031,6330,4,2,12,FT
586366,2025,2025-08-17,16:00,7125,5970,3,5,37,FT
648133,2025,2025-08-23,14:00,6049,6281,3,0,48,FT
769170,2025,2025-08-23,14:00,5976,5172,0,1,46,FT
769449,2025,2025-08-23,14:00,5219,6031,1,3,24,FT
769544,2025,2025-08-23,14:00,6330,5987,2,1,62,FT
749145,2025,2025-08-23,16:00,5970,5227,1,1,60,FT
741629,2025,2025-08-23,16:00,6189,7125,1,1,5,FT
689513,2025,2025-08-30,14:00,5987,5219,0,4,18,FT
749907,2025,2025-08-30,14:00,6031,6049,3,2,12,FT
749194,2025,2025-08-30,16:00,5970,6189,2,2,60,FT
586365,2025,2025-08-30,16:00,7125,6330,1,1,37,FT
584532,2025,2025-08-30,16:00,5227,5172,0,2,58,FT
594145,2025,2025-08-31,14:00,6281,5976,0,2,51,FT
585117,2025,2025-09-06,14:00,5227,6189,3,1,58,FT
648135,2025,2025-09-06,14:00,6049,5987,2,4,48,FT
769154,2025,2025-09-06,14:00,5976,6031,0,6,46,FT
757250,2025,2025-09-06,14:00,5172,6281,2,1,45,FT
769536,2025,2025-09-06,14:00,6330,5970,2,0,62,FT
769453,2025,2025-09-06,16:00,5219,7125,2,1,24,FT
749312,2025,2025-09-13,14:00,5970,5219,2,3,60,FT
750746,2025,2025-09-13,14:00,6031,5172,2,0,12,FT
689512,2025,2025-09-13,14:00,5987,5976,2,1,18,FT
586355,2025,2025-09-13,14:00,7125,6049,3,1,37,FT
740160,2025,2025-09-13,14:00,6189,6330,2,2,5,FT
594128,2025,2025-09-13,15:00,6281,5227,2,4,51,FT
749035,2023,2023-05-04,19:15,5970,6123,3,1,60,FT
689349,2023,2023-05-06,13:00,5987,6130,1,2,18,FT
759587,2023,2023-05-06,14:00,5383,5227,1,2,63,FT
767870,2023,2023-05-06,14:00,5989,5221,2,1,55,FT
568899,2023,2023-05-06,14:00,6351,6124,3,1,1,FT
610623,2023,2023-05-06,16:00,5980,5224,0,3,65,FT
717921,2023,2023-05-12,18:00,5221,6351,3,0,27,FT
754189,2023,2023-05-12,19:15,5224,6123,2,4,1,FT
574729,2023,2023-05-12,19:15,6130,5989,2,1,66,FT
727645,2023,2023-05-13,13:30,6124,5980,1,2,10,FT
748997,2023,2023-05-13,14:00,5970,5227,3,0,60,FT
759591,2023,2023-05-13,14:00,5383,5987,1,1,63,FT
760645,2023,2023-05-18,11:30,6123,5980,1,0,29,FT
767871,2023,2023-05-19,19:15,5989,5383,4,2,55,FT
568894,2023,2023-05-19,20:00,6351,6130,1,1,1,FT
689348,2023,2023-05-20,14:00,5987,5970,2,3,18,FT
654491,2023,2023-05-20,15:00,5227,5224,1,3,67,FT
757131,2023,2023-05-20,16:00,5221,6124,3,2,2,FT
749212,2023,2023-05-25,19:15,5970,5989,1,0,60,FT
759595,2023,2023-05-25,19:15,5383,6351,2,2,63,FT
754201,2023,2023-05-25,19:15,5224,5987,1,3,1,FT
727646,2023,2023-05-25,19:15,6124,6123,1,1,10,FT
574728,2023,2023-05-27,16:00,6130,5221,4,1,66,FT
668681,2023,2023-05-27,18:00,5980,5227,1,2,68,FT
574727,2023,2023-06-01,19:15,6130,6124,2,3,66,FT
767873,2023,2023-06-02,19:15,5989,5224,4,1,55,FT
568889,2023,2023-06-02,20:00,6351,5970,3,2,1,FT
584526,2023,2023-06-03,14:00,5227,6123,2,0,58,FT
668690,2023,2023-06-03,14:00,5980,5987,1,0,68,FT
602406,2023,2023-06-03,16:00,5221,5383,2,2,69,FT
749063,2023,2023-06-07,18:00,5970,5221,1,1,60,FT
754272,2023,2023-06-07,19:15,5224,6351,2,3,1,FT
759598,2023,2023-06-07,19:15,5383,6130,2,2,63,FT
668692,2023,2023-06-07,19:15,5980,5989,0,1,68,FT
727647,2023,2023-06-07,19:15,6124,5227,0,1,10,FT
689347,2023,2023-06-07,20:00,5987,6123,2,1,18,FT
689346,2023,2023-06-11,14:00,5987,5227,1,1,18,FT
602407,2023,2023-06-11,14:00,5221,5224,1,2,69,FT
568883,2023,2023-06-11,14:00,6351,5980,2,1,1,FT
759611,2023,2023-06-11,14:00,5383,6124,4,4,63,FT
767877,2023,2023-06-11,14:00,5989,6123,4,1,55,FT
574726,2023,2023-06-12,19:15,6130,5970,1,0,66,FT
584520,2023,2023-06-15,19:15,5227,5989,0,0,58,FT
765779,2023,2023-06-15,20:00,6123,6351,1,2,21,FT
754193,2023,2023-06-16,19:15,5224,6130,2,2,1,FT
748987,2023,2023-06-16,19:15,5970,5383,2,1,60,FT
727653,2023,2023-06-16,19:15,6124,5987,1,1,10,FT
668710,2023,2023-06-18,14:00,5980,5221,2,2,68,FT
574723,2023,2023-06-24,11:30,6130,5980,0,1,66,FT
568878,2023,2023-06-24,14:00,6351,5227,1,3,1,FT
602408,2023,2023-06-25,16:00,5221,6123,2,2,69,FT
759616,2023,2023-06-25,16:00,5383,5224,3,2,63,FT
749274,2023,2023-06-25,16:00,5970,6124,4,1,60,FT
767880,2023,2023-06-25,16:00,5989,5987,4,1,55,FT
689345,2023,2023-06-28,20:00,5987,6351,1,0,18,FT
585122,2023,2023-06-30,19:15,5227,5221,2,1,58,FT
767883,2023,2023-06-30,19:15,5989,6124,5,1,55,FT
754322,2023,2023-06-30,19:15,5224,5970,2,1,1,FT
765773,2023,2023-06-30,20:00,6123,6130,1,2,21,FT
668713,2023,2023-07-02,14:00,5980,5383,2,0,68,FT
568868,2023,2023-07-05,20:00,6351,5989,1,4,1,FT
759617,2023,2023-07-06,20:15,5383,6123,3,2,63,FT
749228,2023,2023-07-07,18:00,5970,5980,2,1,60,FT
727654,2023,2023-07-07,20:00,6124,5224,2,1,10,FT
574718,2023,2023-07-08,14:00,6130,5227,2,1,66,FT
602410,2023,2023-07-08,16:00,5221,5987,3,3,69,FT
689344,2023,2023-07-13,19:15,5987,5383,4,1,18,FT
767884,2023,2023-07-13,19:15,5989,6130,2,1,55,FT
765768,2023,2023-07-13,20:00,6123,5224,1,2,21,FT
668726,2023,2023-07-15,14:00,5980,6124,4,0,68,FT
568867,2023,2023-07-15,16:00,6351,5221,3,3,1,FT
585121,2023,2023-07-15,17:00,5227,5970,3,2,58,FT
754367,2023,2023-07-23,13:00,5224,5980,2,2,1,FT
731368,2023,2023-07-23,14:00,6124,6351,1,2,10,FT
765767,2023,2023-07-23,14:00,6123,5970,1,2,21,FT
585118,2023,2023-07-23,14:00,5227,5383,5,0,58,FT
574716,2023,2023-07-23,16:00,6130,5987,1,2,66,FT
602411,2023,2023-07-23,16:00,5221,5989,1,3,69,FT
765764,2023,2023-07-26,20:00,6123,6124,2,1,21,FT
689343,2023,2023-07-27,20:15,5987,5224,2,3,18,FT
767885,2023,2023-07-28,19:15,5989,5970,1,1,55,FT
568845,2023,2023-07-28,20:00,6351,5383,7,1,1,FT
726568,2023,2023-07-29,15:30,5227,5980,3,1,71,FT
602412,2023,2023-07-29,16:00,5221,6130,1,0,69,FT
759621,2023,2023-08-01,19:15,5383,5989,1,2,63,FT
749159,2023,2023-08-02,18:00,5970,5987,0,1,60,FT
574715,2023,2023-08-02,18:00,6130,6351,1,0,66,FT
727656,2023,2023-08-02,19:15,6124,5221,0,1,10,FT
668741,2023,2023-08-03,18:00,5980,6123,0,2,68,FT
754144,2023,2023-08-03,19:15,5224,5227,1,2,1,FT
754167,2023,2023-08-10,19:15,5224,5989,2,1,1,FT
749029,2023,2023-08-11,19:15,5970,6351,2,4,60,FT
727659,2023,2023-08-11,20:00,6124,6130,1,1,10,FT
689342,2023,2023-08-12,13:00,5987,5980,1,1,18,FT
765763,2023,2023-08-12,14:00,6123,5227,1,0,21,FT
759623,2023,2023-08-12,16:00,5383,5221,0,3,63,FT
765762,2023,2023-08-15,20:00,6123,5987,2,1,21,FT
767886,2023,2023-08-16,18:00,5989,5980,6,1,55,FT
585107,2023,2023-08-16,18:00,5227,6124,7,0,58,FT
602413,2023,2023-08-16,18:00,5221,5970,0,1,69,FT
574714,2023,2023-08-16,19:15,6130,5383,1,2,66,FT
568843,2023,2023-08-16,20:00,6351,5224,3,2,1,FT
727660,2023,2023-08-20,13:00,6124,5383,4,3,10,FT
585105,2023,2023-08-20,14:00,5227,5987,4,2,58,FT
668747,2023,2023-08-20,14:00,5980,6351,0,5,68,FT
765761,2023,2023-08-20,14:00,6123,5989,0,4,21,FT
749208,2023,2023-08-20,14:00,5970,6130,2,0,60,FT
754349,2023,2023-08-20,16:00,5224,5221,1,4,1,FT
767887,2023,2023-08-24,18:00,5989,5227,3,2,55,FT
759629,2023,2023-08-25,19:15,5383,5970,2,3,63,FT
574710,2023,2023-08-25,19:15,6130,5224,4,1,66,FT
568826,2023,2023-08-25,20:00,6351,6123,4,0,1,FT
689341,2023,2023-08-26,14:00,5987,6124,2,1,18,FT
727661,2023,2023-08-31,19:15,6124,5970,4,1,10,FT
754195,2023,2023-08-31,20:00,5224,5383,3,3,1,FT
689340,2023,2023-09-01,20:00,5987,5989,4,3,18,FT
585102,2023,2023-09-02,14:00,5227,6351,3,2,58,FT
765759,2023,2023-09-02,16:00,6123,5221,3,1,21,FT
602415,2023,2023-09-06,16:00,5221,5980,6,2,69,FT
574709,2023,2023-09-08,18:30,6130,6123,4,2,66,FT
727662,2023,2023-09-08,19:15,6124,5989,3,5,10,FT
759633,2023,2023-09-09,13:00,5383,5980,5,0,63,FT
749061,2023,2023-09-09,14:00,5970,5224,1,0,60,FT
568822,2023,2023-09-09,14:00,6351,5987,2,1,1,FT
602416,2023,2023-09-09,14:00,5221,5227,2,2,69,FT
668754,2023,2023-09-12,16:30,5980,6130,3,1,68,FT
689339,2023,2023-09-15,18:00,5987,5221,2,0,18,FT
668755,2023,2023-09-16,14:00,5980,5970,0,3,68,FT
585101,2023,2023-09-16,14:00,5227,6130,3,0,58,FT
754190,2023,2023-09-16,14:00,5224,6124,6,2,1,FT
765756,2023,2023-09-16,14:00,6123,5383,1,5,21,FT
767889,2023,2023-09-16,14:00,5989,6351,2,3,55,FT
574316,2024,2024-05-03,19:15,6130,5737,3,1,66,FT
689123,2024,2024-05-03,19:15,5987,5224,4,0,18,FT
760724,2024,2024-05-04,12:00,6351,5970,2,2,29,FT
767704,2024,2024-05-04,16:00,5973,6353,1,2,49,FT
759959,2024,2024-05-04,16:00,5383,6131,2,3,63,FT
716383,2024,2024-05-04,17:15,5221,6123,2,1,27,FT
749246,2024,2024-05-10,19:15,5970,5987,0,2,60,FT
754181,2024,2024-05-10,20:00,5224,5383,3,5,1,FT
765443,2024,2024-05-10,21:00,6123,6130,1,4,21,FT
724008,2024,2024-05-11,14:00,5737,6351,3,6,72,FT
755153,2024,2024-05-11,16:30,6353,5221,3,0,73,FT
638500,2024,2024-05-11,17:00,6131,5973,3,4,50,FT
574315,2024,2024-05-16,19:45,6130,6353,4,1,66,FT
689121,2024,2024-05-17,19:15,5987,5737,5,5,18,FT
749248,2024,2024-05-17,19:15,5970,5224,7,1,60,FT
760729,2024,2024-05-17,20:00,6351,6123,1,2,29,FT
716381,2024,2024-05-19,17:00,5221,6131,2,1,27,FT
767703,2024,2024-05-20,16:00,5973,5383,4,1,49,FT
755155,2024,2024-05-23,19:15,6353,6351,1,3,73,FT
689120,2024,2024-05-24,20:00,5987,6123,1,2,18,FT
638510,2024,2024-05-24,20:00,6131,6130,0,3,50,FT
707035,2024,2024-05-24,20:15,5737,5970,1,2,28,FT
754194,2024,2024-05-25,14:00,5224,5973,3,2,1,FT
759958,2024,2024-05-25,16:00,5383,5221,1,2,63,FT
689119,2024,2024-05-30,19:15,5987,6353,7,3,18,FT
716380,2024,2024-05-31,19:00,5221,5973,3,1,27,FT
724016,2024,2024-05-31,19:15,5737,5224,0,2,72,FT
574314,2024,2024-05-31,19:15,6130,5383,3,5,66,FT
749250,2024,2024-06-01,14:00,5970,6123,6,1,60,FT
760753,2024,2024-06-01,14:00,6351,6131,1,0,29,FT
755156,2024,2024-06-06,19:15,6353,5970,2,3,73,FT
638518,2024,2024-06-06,19:15,6131,5987,0,2,50,FT
759956,2024,2024-06-06,20:15,5383,6351,2,3,63,FT
765447,2024,2024-06-07,20:00,6123,5737,2,3,21,FT
767702,2024,2024-06-08,16:00,5973,6130,0,3,49,FT
754200,2024,2024-06-08,17:00,5224,5221,1,1,1,FT
724021,2024,2024-06-13,19:15,5737,6353,2,3,72,FT
689117,2024,2024-06-13,19:15,5987,5383,5,2,18,FT
765449,2024,2024-06-13,19:15,6123,5224,1,3,21,FT
749256,2024,2024-06-14,19:15,5970,6131,8,0,60,FT
574313,2024,2024-06-15,16:00,6130,5221,2,0,66,FT
760768,2024,2024-06-15,18:00,6351,5973,1,5,29,FT
638524,2024,2024-06-22,14:00,6131,5737,2,5,50,FT
716379,2024,2024-06-22,18:15,5221,6351,1,1,27,FT
759955,2024,2024-06-23,14:00,5383,5970,3,3,63,FT
755157,2024,2024-06-23,14:00,6353,6123,1,2,73,FT
767701,2024,2024-06-23,15:00,5973,5987,1,2,49,FT
754278,2024,2024-06-23,15:00,5224,6130,1,0,1,FT
749261,2024,2024-06-27,18:30,5970,5973,1,1,60,FT
724029,2024,2024-06-28,19:15,5737,5383,1,2,72,FT
760780,2024,2024-06-28,19:15,6351,6130,2,1,29,FT
755158,2024,2024-06-28,19:15,6353,5224,2,1,73,FT
765452,2024,2024-06-28,20:00,6123,6131,0,3,21,FT
689116,2024,2024-06-29,16:00,5987,5221,1,1,18,FT
760782,2024,2024-07-02,19:15,6351,5224,3,1,29,FT
767699,2024,2024-07-03,18:00,5973,5737,0,1,49,FT
716373,2024,2024-07-03,18:00,5221,5970,0,1,27,FT
638535,2024,2024-07-03,19:15,6131,6353,1,3,50,FT
574311,2024,2024-07-03,19:15,6130,5987,2,5,66,FT
759954,2024,2024-07-03,19:15,5383,6123,2,2,63,FT
765454,2024,2024-07-07,14:00,6123,5973,1,1,21,FT
724051,2024,2024-07-07,16:00,5737,5221,3,1,72,FT
749267,2024,2024-07-08,19:15,5970,6130,3,0,60,FT
755159,2024,2024-07-08,19:15,6353,5383,3,8,73,FT
754313,2024,2024-07-08,20:00,5224,6131,3,2,1,FT
689115,2024,2024-07-09,19:15,5987,6351,3,0,18,FT
574310,2024,2024-07-12,19:15,6130,6123,2,1,66,FT
759950,2024,2024-07-12,19:15,5383,5224,6,3,63,FT
760240,2024,2024-07-13,14:00,6351,5737,1,0,29,FT
689114,2024,2024-07-13,14:00,5987,5970,1,1,18,FT
602499,2024,2024-07-13,16:00,5221,6353,1,1,69,FT
767695,2024,2024-07-13,16:00,5973,6131,1,4,49,FT
638543,2024,2024-07-19,19:15,6131,5383,2,1,50,FT
754362,2024,2024-07-21,12:00,5224,5987,0,3,1,FT
749280,2024,2024-07-21,14:00,5970,6351,1,2,60,FT
724085,2024,2024-07-21,14:00,5737,6130,1,3,72,FT
755160,2024,2024-07-21,14:00,6353,5973,3,0,73,FT
765456,2024,2024-07-21,16:00,6123,5221,1,2,21,FT
755162,2024,2024-07-26,19:15,6353,6130,0,2,73,FT
724102,2024,2024-07-26,19:15,5737,5987,0,4,72,FT
754380,2024,2024-07-26,20:00,5224,5970,1,2,1,FT
765458,2024,2024-07-26,20:00,6123,6351,2,3,21,FT
759945,2024,2024-07-27,12:00,5383,5973,1,3,63,FT
638544,2024,2024-07-27,16:00,6131,5221,2,3,50,FT
749309,2024,2024-07-30,19:15,5970,5737,1,1,60,FT
765459,2024,2024-07-30,20:00,6123,5987,0,2,21,FT
767694,2024,2024-07-31,18:00,5973,5224,4,2,49,FT
602500,2024,2024-07-31,18:15,5221,5383,2,2,69,FT
574309,2024,2024-07-31,19:15,6130,6131,2,0,66,FT
760183,2024,2024-07-31,19:15,6351,6353,1,2,29,FT
765463,2024,2024-08-10,14:00,6123,5970,0,1,21,FT
759943,2024,2024-08-10,14:00,5383,6130,2,3,63,FT
755169,2024,2024-08-10,14:00,6353,5987,0,3,73,FT
767693,2024,2024-08-10,14:00,5973,5221,2,3,49,FT
754325,2024,2024-08-10,14:00,5224,5737,1,0,1,FT
638551,2024,2024-08-10,14:30,6131,6351,2,0,50,FT
748978,2024,2024-08-15,19:15,5970,6353,3,2,60,FT
724108,2024,2024-08-16,19:15,5737,6123,1,5,72,FT
689113,2024,2024-08-16,19:15,5987,6131,4,0,18,FT
760354,2024,2024-08-16,19:15,6351,5383,4,2,29,FT
602501,2024,2024-08-17,16:00,5221,5224,1,1,69,FT
574308,2024,2024-08-17,16:00,6130,5973,2,2,66,FT
602502,2024,2024-08-21,18:00,5221,6130,2,1,69,FT
767690,2024,2024-08-21,18:00,5973,6351,0,3,49,FT
638553,2024,2024-08-21,18:15,6131,5970,1,0,50,FT
755172,2024,2024-08-21,19:15,6353,5737,1,4,73,FT
754215,2024,2024-08-21,20:00,5224,6123,3,4,1,FT
759940,2024,2024-08-21,20:15,5383,5987,3,3,63,FT
689110,2024,2024-08-25,13:00,5987,5973,0,1,18,FT
574306,2024,2024-08-25,14:00,6130,5224,3,0,66,FT
724117,2024,2024-08-25,14:00,5737,6131,2,2,72,FT
748981,2024,2024-08-25,14:00,5970,5383,4,3,60,FT
760347,2024,2024-08-25,14:00,6351,5221,5,0,29,FT
765466,2024,2024-08-25,14:00,6123,6353,5,0,21,FT
602503,2024,2024-08-30,18:00,5221,5987,0,4,69,FT
574305,2024,2024-08-30,19:15,6130,6351,1,1,66,FT
759938,2024,2024-08-30,19:15,5383,5737,4,1,63,FT
754212,2024,2024-08-30,20:00,5224,6353,2,1,1,FT
638575,2024,2024-08-31,14:00,6131,6123,0,2,50,FT
587424,2024,2024-08-31,16:30,5973,5970,0,2,74,FT
754373,2024,2024-09-07,14:00,5224,6351,0,1,1,FT
748988,2024,2024-09-07,14:00,5970,5221,2,0,60,FT
724123,2024,2024-09-07,14:00,5737,5973,1,3,72,FT
765469,2024,2024-09-07,14:00,6123,5383,3,4,21,FT
755176,2024,2024-09-07,16:30,6353,6131,2,6,73,FT
689108,2024,2024-09-07,17:00,5987,6130,1,1,18,FT
767672,2024,2024-09-13,17:00,5973,6123,4,7,49,FT
755178,2024,2024-09-14,14:00,6351,5987,3,1,73,FT
759933,2024,2024-09-14,14:00,5383,6353,0,3,63,FT
602504,2024,2024-09-14,14:00,5221,5737,8,1,69,FT
631758,2024,2024-09-14,14:00,6130,5970,1,1,6,FT
638603,2024,2024-09-14,14:00,6131,5224,2,0,50,FT
765471,2025,2025-05-02,20:00,6123,6131,3,2,21,FT
767879,2025,2025-05-03,14:00,5989,6351,4,1,55,FT
767670,2025,2025-05-03,16:00,5973,5383,5,2,49,FT
575006,2025,2025-05-03,16:00,6130,5221,2,1,66,FT
653391,2025,2025-05-03,16:00,5218,6124,2,1,67,FT
586260,2025,2025-05-04,14:00,5216,6353,4,1,37,FT
634432,2025,2025-05-09,19:15,6131,5989,5,2,50,FT
718005,2025,2025-05-09,19:15,5221,5216,0,0,27,FT
758309,2025,2025-05-09,19:15,5383,6123,1,4,63,FT
727518,2025,2025-05-10,14:00,6124,6353,0,3,10,FT
653390,2025,2025-05-10,14:00,5218,5973,2,0,67,FT
760457,2025,2025-05-10,16:00,6351,6130,2,2,29,FT
767864,2025,2025-05-16,19:15,5989,5383,3,6,55,FT
575005,2025,2025-05-16,19:15,6130,6131,3,1,66,FT
586253,2025,2025-05-17,16:00,5216,6351,0,3,37,FT
756279,2025,2025-05-17,16:00,6353,5221,0,1,73,FT
767661,2025,2025-05-17,16:00,5973,6124,1,3,49,FT
765481,2025,2025-05-17,16:00,6123,5218,5,3,21,FT
758325,2025,2025-05-23,19:15,5383,6130,1,5,63,FT
727533,2025,2025-05-24,14:00,6124,6123,0,1,10,FT
756337,2025,2025-05-24,16:00,6353,5973,0,2,73,FT
653388,2025,2025-05-24,16:00,5218,5989,0,1,67,FT
634430,2025,2025-05-24,16:00,6131,5216,1,1,50,FT
760529,2025,2025-05-24,16:00,6351,5221,2,3,29,FT
760548,2025,2025-05-29,16:00,6351,6353,6,1,29,FT
767857,2025,2025-05-30,19:15,5989,6124,3,3,55,FT
765513,2025,2025-05-31,14:00,6123,5973,2,1,21,FT
634427,2025,2025-05-31,16:00,6131,5221,6,0,50,FT
575004,2025,2025-05-31,16:00,6130,5218,4,1,66,FT
647623,2025,2025-05-31,16:00,5216,5383,3,1,52,FT
758342,2025,2025-06-04,18:00,5383,5221,0,5,63,FT
767662,2025,2025-06-04,18:00,5973,5989,1,0,49,FT
653385,2025,2025-06-04,19:15,5218,5216,2,1,67,FT
756408,2025,2025-06-04,19:15,6353,6123,0,4,73,FT
634419,2025,2025-06-04,19:15,6131,6351,2,3,50,FT
727762,2025,2025-06-05,19:15,6124,6130,0,1,10,FT
634411,2025,2025-06-09,14:00,6131,6353,0,1,50,FT
575003,2025,2025-06-09,14:00,6130,5973,3,0,66,FT
602701,2025,2025-06-09,14:00,5221,5218,2,1,69,FT
767815,2025,2025-06-09,14:00,5989,6123,1,0,55,FT
586233,2025,2025-06-09,19:00,5216,6124,1,1,37,FT
760673,2025,2025-06-10,20:00,6351,5383,4,4,29,FT
756415,2025,2025-06-13,19:15,6353,5989,4,5,73,FT
765521,2025,2025-06-13,19:30,6123,6130,3,3,21,FT
758348,2025,2025-06-14,14:00,5383,6131,3,5,63,FT
767708,2025,2025-06-14,16:00,5973,5216,1,1,49,FT
727811,2025,2025-06-14,16:00,6124,5221,1,1,10,FT
653375,2025,2025-06-14,16:00,5218,6351,7,2,67,FT
767768,2025,2025-06-17,16:00,5973,6353,2,2,49,FT
760740,2025,2025-06-19,19:15,6351,6124,3,1,29,FT
758351,2025,2025-06-20,19:15,5383,6353,1,3,63,FT
575002,2025,2025-06-20,19:15,6130,5989,0,0,66,FT
634403,2025,2025-06-20,19:15,6131,5218,3,2,50,FT
602702,2025,2025-06-21,14:00,5221,5973,2,0,69,FT
647620,2025,2025-06-21,14:00,5216,6123,1,0,52,FT
575000,2025,2025-06-28,12:00,6130,6353,1,0,66,FT
727830,2025,2025-06-29,14:00,6124,6131,1,1,10,FT
653367,2025,2025-06-29,16:00,5218,5383,7,0,67,FT
767725,2025,2025-06-29,16:00,5973,6351,1,1,49,FT
765529,2025,2025-06-29,16:00,6123,5221,2,4,21,FT
767831,2025,2025-06-29,16:00,5989,5216,1,0,55,FT
765535,2025,2025-07-02,20:00,6123,6351,5,1,21,FT
758360,2025,2025-07-04,19:15,5383,6124,0,4,63,FT
756457,2025,2025-07-04,19:15,6353,5218,0,0,73,FT
634387,2025,2025-07-05,14:00,6131,5973,5,3,50,FT
602703,2025,2025-07-05,16:00,5221,5989,0,1,69,FT
647619,2025,2025-07-05,16:00,5216,6130,1,1,52,FT
574997,2025,2025-07-10,19:15,6130,6351,1,0,66,FT
647618,2025,2025-07-11,19:15,5216,5221,2,3,52,FT
756520,2025,2025-07-11,19:15,6353,6124,1,1,73,FT
767833,2025,2025-07-11,19:15,5989,6131,5,5,55,FT
765546,2025,2025-07-11,20:00,6123,5383,5,0,21,FT
767760,2025,2025-07-12,16:00,5973,5218,2,2,49,FT
756468,2025,2025-07-18,19:00,6353,5216,3,2,73,FT
727833,2025,2025-07-19,14:00,6124,5218,2,1,10,FT
634378,2025,2025-07-20,14:00,6131,6123,5,2,50,FT
760778,2025,2025-07-20,14:00,6351,5989,3,3,29,FT
758368,2025,2025-07-20,14:00,5383,5973,3,4,63,FT
602704,2025,2025-07-20,16:00,5221,6130,4,0,69,FT
634361,2025,2025-07-25,19:15,6131,6130,4,4,50,FT
758372,2025,2025-07-25,19:15,5383,5989,2,4,63,FT
727848,2025,2025-07-26,14:00,6124,5973,5,1,10,FT
653357,2025,2025-07-26,16:00,5218,6123,1,2,67,FT
602705,2025,2025-07-26,16:00,5221,6353,2,1,69,FT
760779,2025,2025-07-26,16:00,6351,5216,2,0,29,FT
692720,2025,2025-07-29,19:15,6130,5383,9,0,75,FT
647614,2025,2025-07-30,18:00,5216,6131,2,1,52,FT
602706,2025,2025-07-30,18:00,5221,6351,3,0,69,FT
767806,2025,2025-07-30,18:00,5989,5218,2,3,55,FT
765553,2025,2025-07-30,20:00,6123,6124,5,2,21,FT
754456,2025,2025-08-08,19:15,6353,6351,0,1,73,FT
727862,2025,2025-08-09,14:00,6124,5989,1,1,10,FT
602707,2025,2025-08-09,16:00,5221,6131,4,2,69,FT
758381,2025,2025-08-09,16:00,5383,5216,0,6,63,FT
767767,2025,2025-08-09,16:00,5973,6123,0,1,49,FT
653349,2025,2025-08-10,18:00,5218,6130,3,1,67,FT
653345,2025,2025-08-15,19:15,5218,5221,0,1,67,FT
758399,2025,2025-08-15,19:15,5383,6351,2,4,63,FT
755091,2025,2025-08-15,19:15,6353,6131,1,7,73,FT
765559,2025,2025-08-15,20:00,6123,5989,3,1,21,FT
728004,2025,2025-08-16,14:00,6124,5216,4,3,10,FT
767764,2025,2025-08-16,16:00,5973,6130,0,1,49,FT
767810,2025,2025-08-20,18:00,5989,5973,3,2,55,FT
647611,2025,2025-08-20,18:00,5216,5218,3,4,52,FT
602708,2025,2025-08-20,18:00,5221,5383,15,0,69,FT
754473,2025,2025-08-20,19:15,6130,6124,2,0,73,FT
760256,2025,2025-08-20,19:15,6351,6131,4,2,29,FT
765557,2025,2025-08-20,20:00,6123,6353,4,1,21,FT
602709,2025,2025-08-23,16:00,5221,6124,2,1,69,FT
634339,2025,2025-08-24,14:00,6131,5383,0,0,50,FT
631850,2025,2025-08-24,14:00,6130,6123,1,4,6,FT
767840,2025,2025-08-24,14:00,5989,6353,4,2,55,FT
760200,2025,2025-08-24,16:00,6351,5218,1,2,29,FT
647610,2025,2025-08-24,16:00,5216,5973,3,4,52,FT
767838,2025,2025-08-28,18:00,5989,6130,1,3,55,FT
755179,2025,2025-08-29,19:15,6353,5383,2,1,73,FT
728322,2025,2025-08-30,14:00,6124,6351,0,2,10,FT
653337,2025,2025-08-30,16:00,5218,6131,8,1,67,FT
765579,2025,2025-08-30,16:00,6123,5216,12,0,21,FT
767755,2025,2025-08-30,16:00,5973,5221,1,2,49,FT
755227,2025,2025-09-06,14:00,6353,6130,1,6,73,FT
634329,2025,2025-09-06,14:00,6131,6124,3,5,50,FT
602710,2025,2025-09-06,14:00,5221,6123,3,3,69,FT
647609,2025,2025-09-06,16:00,5216,5989,0,3,52,FT
758415,2025,2025-09-06,16:00,5383,5218,2,9,63,FT
760323,2025,2025-09-07,14:00,6351,5973,0,3,29,FT
767891,2025,2025-09-13,14:00,5989,5221,3,0,55,FT
760308,2025,2025-09-13,14:00,6351,6123,2,2,29,FT
767742,2025,2025-09-13,14:00,5973,6131,3,1,49,FT
632587,2025,2025-09-13,14:00,6130,5216,2,2,6,FT
653318,2025,2025-09-13,14:00,5218,6353,6,2,67,FT
728405,2025,2025-09-13,14:00,6124,5383,9,0,10,FT
